,nsf_proposal_links_v0,skills
0,https://www.nsf.gov/pubs/2026/nsf26000/nsf26000.htm,"{'python', 'optimization', 'deep learning', 'software engineering'}"
1,https://www.nsf.gov/pubs/2026/nsf26001/nsf26001.htm,"{'data science', 'python', 'deep learning', 'natural language processing', 'mechanics', 'environmental science'}"
2,https://www.nsf.gov/pubs/2026/nsf26002/nsf26002.htm,"{'structural health monitoring', 'machine learning', 'optimization', 'cognitive science'}"
3,https://www.nsf.gov/pubs/2026/nsf26003/nsf26003.htm,"{'graph theory', 'material science', 'embedded systems', 'cybersecurity'}"
4,https://www.nsf.gov/pubs/2026/nsf26004/nsf26004.htm,"{'structural health monitoring', 'embedded systems', 'psychology', 'cognitive science'}"
5,https://www.nsf.gov/pubs/2026/nsf26005/nsf26005.htm,"{'logistics', 'biology', 'project management'}"
6,https://www.nsf.gov/pubs/2026/nsf26006/nsf26006.htm,"{'iot', 'fuel cells', 'cybersecurity', 'neuroscience'}"
7,https://www.nsf.gov/pubs/2026/nsf26007/nsf26007.htm,"{'sustainability', 'cybersecurity'}"
8,https://www.nsf.gov/pubs/2026/nsf26008/nsf26008.htm,"{'solar energy', 'natural language processing', 'applied mathematics', 'electrical engineering', 'environmental science', 'genetics', 'artificial intelligence', 'education'}"
9,https://www.nsf.gov/pubs/2026/nsf26009/nsf26009.htm,"{'python', 'deep learning', 'computer vision', 'bioinformatics', 'curriculum development', 'project management', 'thermodynamics', 'genetics'}"
10,https://www.nsf.gov/pubs/2026/nsf26010/nsf26010.htm,"{'applied mathematics', 'supply chain'}"
11,https://www.nsf.gov/pubs/2026/nsf26011/nsf26011.htm,"{'battery technology', 'nanotechnology', 'sustainability'}"
12,https://www.nsf.gov/pubs/2026/nsf26012/nsf26012.htm,"{'bioinformatics', 'blockchain', 'supply chain', 'cybersecurity', 'genetics', 'human computer interaction', 'economics'}"
13,https://www.nsf.gov/pubs/2026/nsf26013/nsf26013.htm,"{'engineering education', 'robotics', 'blockchain', 'human computer interaction', 'mathematics', 'economics', 'civil engineering'}"
14,https://www.nsf.gov/pubs/2026/nsf26014/nsf26014.htm,"{'geotechnical engineering', 'pedagogy', 'wireless communication', 'deep learning', 'thermodynamics', 'biophysics', 'renewable energy', 'civil engineering'}"
15,https://www.nsf.gov/pubs/2026/nsf26015/nsf26015.htm,"{'ceramics', 'pedagogy', 'engineering education', 'project management', 'nanotechnology', 'electrical engineering', 'human computer interaction'}"
16,https://www.nsf.gov/pubs/2026/nsf26016/nsf26016.htm,"{'graph theory', 'genetics'}"
17,https://www.nsf.gov/pubs/2026/nsf26017/nsf26017.htm,"{'system security', 'machine learning', 'curriculum development', 'sustainability', 'biology', 'genetics'}"
18,https://www.nsf.gov/pubs/2026/nsf26018/nsf26018.htm,"{'solar energy', 'python', 'optimization', 'system security', 'fluid dynamics', 'sustainability', 'environmental science', 'high performance computing'}"
19,https://www.nsf.gov/pubs/2026/nsf26019/nsf26019.htm,"{'mechanics', 'computer vision'}"
20,https://www.nsf.gov/pubs/2026/nsf26020/nsf26020.htm,"{'thermodynamics', 'mathematics', 'bioinformatics'}"
21,https://www.nsf.gov/pubs/2026/nsf26021/nsf26021.htm,"{'quantum computing', 'software engineering'}"
22,https://www.nsf.gov/pubs/2026/nsf26022/nsf26022.htm,"{'structural health monitoring', 'python', 'statistics', 'chemical engineering'}"
23,https://www.nsf.gov/pubs/2026/nsf26023/nsf26023.htm,"{'computer vision', 'natural language processing', 'cognitive science', 'battery technology', 'physics', 'applied mathematics', 'human computer interaction'}"
24,https://www.nsf.gov/pubs/2026/nsf26024/nsf26024.htm,"{'chemistry', 'applied mathematics', 'mathematics', 'economics', 'biophysics'}"
25,https://www.nsf.gov/pubs/2026/nsf26025/nsf26025.htm,"{'geotechnical engineering', 'deep learning', 'system security', 'thermodynamics', 'embedded systems', 'renewable energy'}"
26,https://www.nsf.gov/pubs/2026/nsf26026/nsf26026.htm,"{'pedagogy', 'nuclear engineering', 'project management', 'renewable energy', 'biophysics'}"
27,https://www.nsf.gov/pubs/2026/nsf26027/nsf26027.htm,"{'geotechnical engineering', 'pedagogy', 'applied mathematics', 'cybersecurity', 'renewable energy'}"
28,https://www.nsf.gov/pubs/2026/nsf26028/nsf26028.htm,"{'geotechnical engineering', 'python', 'iot', 'project management'}"
29,https://www.nsf.gov/pubs/2026/nsf26029/nsf26029.htm,"{'deep learning', 'battery technology', 'physics', 'project management', 'applied mathematics', 'robotics'}"
30,https://www.nsf.gov/pubs/2026/nsf26030/nsf26030.htm,"{'data science', 'ceramics', 'optimization', 'environmental science', 'neuroscience', 'economics'}"
31,https://www.nsf.gov/pubs/2026/nsf26031/nsf26031.htm,"{'machine learning', 'biology', 'thermodynamics', 'genetics', 'ecology', 'high performance computing', 'renewable energy'}"
32,https://www.nsf.gov/pubs/2026/nsf26032/nsf26032.htm,"{'statistics', 'software engineering', 'bioinformatics', 'embedded systems', 'renewable energy'}"
33,https://www.nsf.gov/pubs/2026/nsf26033/nsf26033.htm,"{'solar energy', 'electrical engineering', 'computer vision'}"
34,https://www.nsf.gov/pubs/2026/nsf26034/nsf26034.htm,"{'cloud computing', 'python', 'computer vision', 'applied mathematics', 'ecology', 'structural health monitoring', 'economics'}"
35,https://www.nsf.gov/pubs/2026/nsf26035/nsf26035.htm,"{'python', 'nuclear engineering', 'biology', 'psychology', 'chemical engineering'}"
36,https://www.nsf.gov/pubs/2026/nsf26036/nsf26036.htm,"{'material science', 'wireless communication', 'embedded systems', 'human computer interaction', 'civil engineering'}"
37,https://www.nsf.gov/pubs/2026/nsf26037/nsf26037.htm,"{'mechanics', 'civil engineering'}"
38,https://www.nsf.gov/pubs/2026/nsf26038/nsf26038.htm,"{'system security', 'natural language processing', 'chemistry', 'nanotechnology', 'logistics', 'neuroscience'}"
39,https://www.nsf.gov/pubs/2026/nsf26039/nsf26039.htm,"{'cloud computing', 'deep learning', 'computer vision', 'genetics'}"
40,https://www.nsf.gov/pubs/2026/nsf26040/nsf26040.htm,"{'software engineering', 'mechanics', 'curriculum development', 'nanotechnology', 'genetics'}"
41,https://www.nsf.gov/pubs/2026/nsf26041/nsf26041.htm,"{'engineering education', 'human computer interaction'}"
42,https://www.nsf.gov/pubs/2026/nsf26042/nsf26042.htm,"{'data science', 'geotechnical engineering', 'sustainability', 'environmental science', 'mathematics'}"
43,https://www.nsf.gov/pubs/2026/nsf26043/nsf26043.htm,"{'data science', 'solar energy', 'optimization', 'natural language processing', 'nanotechnology'}"
44,https://www.nsf.gov/pubs/2026/nsf26044/nsf26044.htm,"{'applied mathematics', 'cognitive science'}"
45,https://www.nsf.gov/pubs/2026/nsf26045/nsf26045.htm,"{'python', 'quantum computing', 'wireless communication', 'curriculum development', 'physics', 'genetics', 'chemical engineering'}"
46,https://www.nsf.gov/pubs/2026/nsf26046/nsf26046.htm,"{'embedded systems', 'quantum computing'}"
47,https://www.nsf.gov/pubs/2026/nsf26047/nsf26047.htm,"{'solar energy', 'fluid dynamics'}"
48,https://www.nsf.gov/pubs/2026/nsf26048/nsf26048.htm,"{'solar energy', 'business', 'physics', 'nanotechnology', 'robotics', 'blockchain', 'iot'}"
49,https://www.nsf.gov/pubs/2026/nsf26049/nsf26049.htm,"{'data science', 'python', 'climate change'}"
50,https://www.nsf.gov/pubs/2026/nsf26050/nsf26050.htm,"{'fluid dynamics', 'cognitive science', 'bioinformatics', 'graph theory', 'civil engineering'}"
51,https://www.nsf.gov/pubs/2026/nsf26051/nsf26051.htm,"{'structural health monitoring', 'iot', 'applied mathematics'}"
52,https://www.nsf.gov/pubs/2026/nsf26052/nsf26052.htm,"{'cloud computing', 'natural language processing', 'bioinformatics', 'logistics', 'environmental science'}"
53,https://www.nsf.gov/pubs/2026/nsf26053/nsf26053.htm,"{'wireless communication', 'software engineering', 'nuclear engineering', 'logistics', 'electrical engineering', 'ecology', 'structural health monitoring'}"
54,https://www.nsf.gov/pubs/2026/nsf26054/nsf26054.htm,"{'environmental science', 'high performance computing'}"
55,https://www.nsf.gov/pubs/2026/nsf26055/nsf26055.htm,"{'material science', 'pedagogy', 'statistics', 'business', 'psychology', 'education'}"
56,https://www.nsf.gov/pubs/2026/nsf26056/nsf26056.htm,"{'ecology', 'mechanics', 'business'}"
57,https://www.nsf.gov/pubs/2026/nsf26057/nsf26057.htm,"{'optimization', 'mechanics', 'machine learning', 'neuroscience', 'genetics', 'ecology', 'psychology'}"
58,https://www.nsf.gov/pubs/2026/nsf26058/nsf26058.htm,"{'solar energy', 'system security', 'mechanics', 'genetics', 'mathematics'}"
59,https://www.nsf.gov/pubs/2026/nsf26059/nsf26059.htm,"{'environmental science', 'optimization'}"
60,https://www.nsf.gov/pubs/2026/nsf26060/nsf26060.htm,"{'climate change', 'machine learning', 'physics', 'robotics', 'blockchain', 'iot', 'psychology'}"
61,https://www.nsf.gov/pubs/2026/nsf26061/nsf26061.htm,"{'deep learning', 'curriculum development', 'graph theory', 'biology', 'nanotechnology', 'robotics', 'education', 'biophysics'}"
62,https://www.nsf.gov/pubs/2026/nsf26062/nsf26062.htm,"{'material science', 'cloud computing', 'optimization', 'bioinformatics', 'logistics', 'human computer interaction', 'iot'}"
63,https://www.nsf.gov/pubs/2026/nsf26063/nsf26063.htm,"{'material science', 'project management', 'graph theory', 'nanotechnology', 'electrical engineering', 'structural health monitoring'}"
64,https://www.nsf.gov/pubs/2026/nsf26064/nsf26064.htm,"{'geotechnical engineering', 'machine learning', 'graph theory', 'applied mathematics', 'ecology', 'artificial intelligence'}"
65,https://www.nsf.gov/pubs/2026/nsf26065/nsf26065.htm,"{'ecology', 'fuel cells', 'cybersecurity', 'fluid dynamics'}"
66,https://www.nsf.gov/pubs/2026/nsf26066/nsf26066.htm,"{'system security', 'computer vision', 'chemistry', 'logistics', 'fuel cells', 'structural health monitoring', 'iot', 'economics'}"
67,https://www.nsf.gov/pubs/2026/nsf26067/nsf26067.htm,"{'blockchain', 'cloud computing', 'wireless communication', 'climate change'}"
68,https://www.nsf.gov/pubs/2026/nsf26068/nsf26068.htm,"{'geotechnical engineering', 'computer vision', 'wireless communication', 'chemistry', 'applied mathematics', 'mathematics', 'chemical engineering', 'civil engineering'}"
69,https://www.nsf.gov/pubs/2026/nsf26069/nsf26069.htm,"{'cloud computing', 'wireless communication', 'engineering education', 'bioinformatics', 'electrical engineering', 'thermodynamics'}"
70,https://www.nsf.gov/pubs/2026/nsf26070/nsf26070.htm,"{'pedagogy', 'business', 'wireless communication', 'curriculum development', 'project management', 'graph theory', 'logistics', 'thermodynamics'}"
71,https://www.nsf.gov/pubs/2026/nsf26071/nsf26071.htm,"{'python', 'optimization', 'climate change', 'sustainability', 'graph theory', 'biology', 'artificial intelligence', 'economics'}"
72,https://www.nsf.gov/pubs/2026/nsf26072/nsf26072.htm,"{'system security', 'iot', 'cognitive science', 'biology', 'neuroscience', 'mathematics'}"
73,https://www.nsf.gov/pubs/2026/nsf26073/nsf26073.htm,"{'cloud computing', 'curriculum development', 'biology', 'robotics', 'cybersecurity', 'mathematics'}"
74,https://www.nsf.gov/pubs/2026/nsf26074/nsf26074.htm,"{'business', 'deep learning', 'sustainability', 'thermodynamics', 'iot', 'renewable energy'}"
75,https://www.nsf.gov/pubs/2026/nsf26075/nsf26075.htm,"{'human computer interaction', 'polymers', 'computer vision'}"
76,https://www.nsf.gov/pubs/2026/nsf26076/nsf26076.htm,"{'material science', 'natural language processing', 'chemistry', 'graph theory', 'electrical engineering', 'renewable energy'}"
77,https://www.nsf.gov/pubs/2026/nsf26077/nsf26077.htm,"{'graph theory', 'environmental science', 'nuclear engineering', 'computer vision'}"
78,https://www.nsf.gov/pubs/2026/nsf26078/nsf26078.htm,"{'nuclear engineering', 'environmental science', 'supply chain', 'ecology', 'economics'}"
79,https://www.nsf.gov/pubs/2026/nsf26079/nsf26079.htm,"{'geotechnical engineering', 'machine learning', 'applied mathematics', 'embedded systems', 'environmental science', 'polymers', 'cybersecurity'}"
80,https://www.nsf.gov/pubs/2026/nsf26080/nsf26080.htm,"{'battery technology', 'business', 'quantum computing', 'physics'}"
81,https://www.nsf.gov/pubs/2026/nsf26081/nsf26081.htm,"{'nuclear engineering', 'environmental science', 'fuel cells', 'climate change'}"
82,https://www.nsf.gov/pubs/2026/nsf26082/nsf26082.htm,"{'ceramics', 'machine learning', 'nuclear engineering', 'project management', 'fuel cells'}"
83,https://www.nsf.gov/pubs/2026/nsf26083/nsf26083.htm,"{'deep learning', 'machine learning', 'environmental science', 'genetics', 'artificial intelligence'}"
84,https://www.nsf.gov/pubs/2026/nsf26084/nsf26084.htm,"{'ecology', 'neuroscience', 'blockchain', 'climate change'}"
85,https://www.nsf.gov/pubs/2026/nsf26085/nsf26085.htm,"{'ceramics', 'wireless communication', 'software engineering', 'mechanics', 'bioinformatics', 'civil engineering'}"
86,https://www.nsf.gov/pubs/2026/nsf26086/nsf26086.htm,"{'material science', 'pedagogy', 'optimization', 'graph theory', 'embedded systems', 'economics'}"
87,https://www.nsf.gov/pubs/2026/nsf26087/nsf26087.htm,"{'data science', 'wireless communication', 'software engineering', 'curriculum development', 'sustainability', 'electrical engineering', 'mathematics', 'biophysics'}"
88,https://www.nsf.gov/pubs/2026/nsf26088/nsf26088.htm,"{'wireless communication', 'mechanics', 'bioinformatics', 'embedded systems', 'fuel cells', 'blockchain', 'chemical engineering'}"
89,https://www.nsf.gov/pubs/2026/nsf26089/nsf26089.htm,"{'biology', 'supply chain', 'sustainability'}"
90,https://www.nsf.gov/pubs/2026/nsf26090/nsf26090.htm,"{'chemistry', 'curriculum development', 'cybersecurity'}"
91,https://www.nsf.gov/pubs/2026/nsf26091/nsf26091.htm,"{'cognitive science', 'climate change', 'curriculum development', 'physics', 'embedded systems', 'environmental science'}"
92,https://www.nsf.gov/pubs/2026/nsf26092/nsf26092.htm,"{'python', 'mechanics', 'bioinformatics', 'applied mathematics', 'nanotechnology', 'fuel cells', 'artificial intelligence', 'high performance computing'}"
93,https://www.nsf.gov/pubs/2026/nsf26093/nsf26093.htm,"{'machine learning', 'curriculum development', 'genetics', 'human computer interaction', 'education'}"
94,https://www.nsf.gov/pubs/2026/nsf26094/nsf26094.htm,"{'pedagogy', 'supply chain'}"
95,https://www.nsf.gov/pubs/2026/nsf26095/nsf26095.htm,"{'python', 'software engineering', 'nuclear engineering', 'electrical engineering', 'neuroscience', 'artificial intelligence'}"
96,https://www.nsf.gov/pubs/2026/nsf26096/nsf26096.htm,"{'computer vision', 'curriculum development', 'structural health monitoring', 'applied mathematics', 'human computer interaction', 'chemical engineering', 'biophysics'}"
97,https://www.nsf.gov/pubs/2026/nsf26097/nsf26097.htm,"{'economics', 'polymers', 'fuel cells'}"
98,https://www.nsf.gov/pubs/2026/nsf26098/nsf26098.htm,"{'ceramics', 'material science', 'cloud computing', 'climate change'}"
99,https://www.nsf.gov/pubs/2026/nsf26099/nsf26099.htm,"{'optimization', 'business', 'sustainability', 'physics', 'electrical engineering', 'environmental science', 'human computer interaction'}"
100,https://www.nsf.gov/pubs/2026/nsf26100/nsf26100.htm,"{'python', 'quantum computing'}"
101,https://www.nsf.gov/pubs/2026/nsf26101/nsf26101.htm,"{'artificial intelligence', 'curriculum development', 'education'}"
102,https://www.nsf.gov/pubs/2026/nsf26102/nsf26102.htm,"{'optimization', 'computer vision', 'engineering education', 'chemistry', 'graph theory', 'biology', 'genetics', 'mathematics'}"
103,https://www.nsf.gov/pubs/2026/nsf26103/nsf26103.htm,"{'python', 'fuel cells', 'chemical engineering', 'physics'}"
104,https://www.nsf.gov/pubs/2026/nsf26104/nsf26104.htm,"{'system security', 'renewable energy'}"
105,https://www.nsf.gov/pubs/2026/nsf26105/nsf26105.htm,"{'nanotechnology', 'embedded systems', 'nuclear engineering', 'climate change'}"
106,https://www.nsf.gov/pubs/2026/nsf26106/nsf26106.htm,"{'environmental science', 'system security'}"
107,https://www.nsf.gov/pubs/2026/nsf26107/nsf26107.htm,"{'iot', 'statistics'}"
108,https://www.nsf.gov/pubs/2026/nsf26108/nsf26108.htm,"{'statistics', 'curriculum development', 'project management', 'graph theory', 'nanotechnology'}"
109,https://www.nsf.gov/pubs/2026/nsf26109/nsf26109.htm,"{'battery technology', 'mechanics', 'curriculum development', 'nuclear engineering', 'electrical engineering'}"
110,https://www.nsf.gov/pubs/2026/nsf26110/nsf26110.htm,"{'fluid dynamics', 'machine learning', 'bioinformatics', 'sustainability', 'chemical engineering'}"
111,https://www.nsf.gov/pubs/2026/nsf26111/nsf26111.htm,"{'curriculum development', 'business', 'software engineering'}"
112,https://www.nsf.gov/pubs/2026/nsf26112/nsf26112.htm,"{'deep learning', 'natural language processing', 'chemistry', 'structural health monitoring', 'renewable energy', 'civil engineering'}"
113,https://www.nsf.gov/pubs/2026/nsf26113/nsf26113.htm,"{'cloud computing', 'engineering education', 'machine learning', 'bioinformatics', 'neuroscience', 'blockchain'}"
114,https://www.nsf.gov/pubs/2026/nsf26114/nsf26114.htm,"{'chemistry', 'material science', 'mathematics', 'engineering education'}"
115,https://www.nsf.gov/pubs/2026/nsf26115/nsf26115.htm,"{'cloud computing', 'artificial intelligence'}"
116,https://www.nsf.gov/pubs/2026/nsf26116/nsf26116.htm,"{'solar energy', 'geotechnical engineering', 'cognitive science', 'nanotechnology', 'cybersecurity', 'genetics'}"
117,https://www.nsf.gov/pubs/2026/nsf26117/nsf26117.htm,"{'nanotechnology', 'fuel cells'}"
118,https://www.nsf.gov/pubs/2026/nsf26118/nsf26118.htm,"{'mechanics', 'biophysics'}"
119,https://www.nsf.gov/pubs/2026/nsf26119/nsf26119.htm,"{'python', 'logistics', 'psychology'}"
120,https://www.nsf.gov/pubs/2026/nsf26120/nsf26120.htm,"{'material science', 'quantum computing', 'natural language processing'}"
121,https://www.nsf.gov/pubs/2026/nsf26121/nsf26121.htm,"{'structural health monitoring', 'supply chain'}"
122,https://www.nsf.gov/pubs/2026/nsf26122/nsf26122.htm,"{'computer vision', 'system security', 'sustainability', 'thermodynamics', 'neuroscience', 'economics'}"
123,https://www.nsf.gov/pubs/2026/nsf26123/nsf26123.htm,"{'material science', 'applied mathematics', 'embedded systems', 'cybersecurity', 'mathematics'}"
124,https://www.nsf.gov/pubs/2026/nsf26124/nsf26124.htm,"{'material science', 'chemical engineering', 'renewable energy', 'project management'}"
125,https://www.nsf.gov/pubs/2026/nsf26125/nsf26125.htm,"{'quantum computing', 'graph theory', 'biology', 'embedded systems', 'environmental science', 'human computer interaction', 'education'}"
126,https://www.nsf.gov/pubs/2026/nsf26126/nsf26126.htm,"{'system security', 'fluid dynamics', 'bioinformatics', 'nanotechnology', 'environmental science', 'psychology'}"
127,https://www.nsf.gov/pubs/2026/nsf26127/nsf26127.htm,"{'wireless communication', 'battery technology', 'engineering education', 'neuroscience', 'robotics'}"
128,https://www.nsf.gov/pubs/2026/nsf26128/nsf26128.htm,"{'ecology', 'pedagogy', 'mechanics', 'biology'}"
129,https://www.nsf.gov/pubs/2026/nsf26129/nsf26129.htm,"{'material science', 'geotechnical engineering', 'wireless communication', 'software engineering', 'electrical engineering', 'structural health monitoring'}"
130,https://www.nsf.gov/pubs/2026/nsf26130/nsf26130.htm,"{'statistics', 'deep learning', 'battery technology', 'bioinformatics', 'robotics', 'cybersecurity', 'ecology'}"
131,https://www.nsf.gov/pubs/2026/nsf26131/nsf26131.htm,"{'engineering education', 'thermodynamics', 'iot', 'education'}"
132,https://www.nsf.gov/pubs/2026/nsf26132/nsf26132.htm,"{'battery technology', 'chemistry', 'applied mathematics', 'embedded systems', 'blockchain', 'structural health monitoring', 'artificial intelligence', 'economics'}"
133,https://www.nsf.gov/pubs/2026/nsf26133/nsf26133.htm,"{'wireless communication', 'mechanics', 'sustainability'}"
134,https://www.nsf.gov/pubs/2026/nsf26134/nsf26134.htm,"{'ceramics', 'geotechnical engineering', 'statistics', 'business', 'battery technology', 'nanotechnology', 'structural health monitoring', 'chemical engineering'}"
135,https://www.nsf.gov/pubs/2026/nsf26135/nsf26135.htm,"{'chemistry', 'human computer interaction', 'mechanics'}"
136,https://www.nsf.gov/pubs/2026/nsf26136/nsf26136.htm,"{'mechanics', 'logistics'}"
137,https://www.nsf.gov/pubs/2026/nsf26137/nsf26137.htm,"{'supply chain', 'civil engineering'}"
138,https://www.nsf.gov/pubs/2026/nsf26138/nsf26138.htm,"{'environmental science', 'computer vision', 'software engineering'}"
139,https://www.nsf.gov/pubs/2026/nsf26139/nsf26139.htm,"{'high performance computing', 'statistics', 'fuel cells', 'polymers'}"
140,https://www.nsf.gov/pubs/2026/nsf26140/nsf26140.htm,"{'engineering education', 'nanotechnology', 'thermodynamics', 'biology', 'blockchain'}"
141,https://www.nsf.gov/pubs/2026/nsf26141/nsf26141.htm,"{'solar energy', 'quantum computing', 'engineering education', 'battery technology', 'sustainability', 'supply chain'}"
142,https://www.nsf.gov/pubs/2026/nsf26142/nsf26142.htm,"{'statistics', 'software engineering', 'cognitive science', 'project management', 'fuel cells', 'iot', 'economics'}"
143,https://www.nsf.gov/pubs/2026/nsf26143/nsf26143.htm,"{'data science', 'material science', 'mechanics', 'sustainability', 'ecology'}"
144,https://www.nsf.gov/pubs/2026/nsf26144/nsf26144.htm,"{'quantum computing', 'deep learning', 'system security', 'chemistry', 'iot'}"
145,https://www.nsf.gov/pubs/2026/nsf26145/nsf26145.htm,"{'bioinformatics', 'robotics'}"
146,https://www.nsf.gov/pubs/2026/nsf26146/nsf26146.htm,"{'ceramics', 'software engineering', 'mechanics', 'electrical engineering', 'artificial intelligence', 'education'}"
147,https://www.nsf.gov/pubs/2026/nsf26147/nsf26147.htm,"{'artificial intelligence', 'environmental science', 'economics', 'renewable energy'}"
148,https://www.nsf.gov/pubs/2026/nsf26148/nsf26148.htm,"{'computer vision', 'climate change', 'machine learning', 'nuclear engineering', 'thermodynamics', 'biophysics'}"
149,https://www.nsf.gov/pubs/2026/nsf26149/nsf26149.htm,"{'cloud computing', 'deep learning', 'nuclear engineering', 'fuel cells', 'blockchain'}"
150,https://www.nsf.gov/pubs/2026/nsf26150/nsf26150.htm,"{'economics', 'civil engineering'}"
151,https://www.nsf.gov/pubs/2026/nsf26151/nsf26151.htm,"{'statistics', 'natural language processing'}"
152,https://www.nsf.gov/pubs/2026/nsf26152/nsf26152.htm,"{'sustainability', 'climate change'}"
153,https://www.nsf.gov/pubs/2026/nsf26153/nsf26153.htm,"{'quantum computing', 'cognitive science', 'fluid dynamics', 'mechanics', 'psychology'}"
154,https://www.nsf.gov/pubs/2026/nsf26154/nsf26154.htm,"{'human computer interaction', 'python', 'embedded systems', 'high performance computing'}"
155,https://www.nsf.gov/pubs/2026/nsf26155/nsf26155.htm,"{'data science', 'pedagogy', 'embedded systems', 'system security'}"
156,https://www.nsf.gov/pubs/2026/nsf26156/nsf26156.htm,"{'logistics', 'optimization', 'system security', 'computer vision'}"
157,https://www.nsf.gov/pubs/2026/nsf26157/nsf26157.htm,"{'geotechnical engineering', 'pedagogy', 'climate change', 'nuclear engineering', 'graph theory', 'chemistry', 'biology', 'economics'}"
158,https://www.nsf.gov/pubs/2026/nsf26158/nsf26158.htm,"{'data science', 'polymers'}"
159,https://www.nsf.gov/pubs/2026/nsf26159/nsf26159.htm,"{'solar energy', 'wireless communication', 'mechanics', 'machine learning', 'biology', 'logistics', 'psychology', 'biophysics'}"
160,https://www.nsf.gov/pubs/2026/nsf26160/nsf26160.htm,"{'material science', 'python', 'bioinformatics'}"
161,https://www.nsf.gov/pubs/2026/nsf26161/nsf26161.htm,"{'geotechnical engineering', 'cloud computing', 'optimization', 'machine learning', 'sustainability', 'fuel cells', 'ecology'}"
162,https://www.nsf.gov/pubs/2026/nsf26162/nsf26162.htm,"{'solar energy', 'data science', 'deep learning', 'battery technology', 'physics', 'chemistry', 'environmental science'}"
163,https://www.nsf.gov/pubs/2026/nsf26163/nsf26163.htm,"{'applied mathematics', 'fluid dynamics'}"
164,https://www.nsf.gov/pubs/2026/nsf26164/nsf26164.htm,"{'physics', 'civil engineering'}"
165,https://www.nsf.gov/pubs/2026/nsf26165/nsf26165.htm,"{'pedagogy', 'quantum computing', 'bioinformatics', 'sustainability', 'logistics', 'electrical engineering', 'environmental science'}"
166,https://www.nsf.gov/pubs/2026/nsf26166/nsf26166.htm,"{'chemistry', 'computer vision', 'education'}"
167,https://www.nsf.gov/pubs/2026/nsf26167/nsf26167.htm,"{'solar energy', 'mechanics', 'genetics'}"
168,https://www.nsf.gov/pubs/2026/nsf26168/nsf26168.htm,"{'renewable energy', 'business', 'battery technology', 'curriculum development', 'fuel cells', 'robotics', 'iot', 'education'}"
169,https://www.nsf.gov/pubs/2026/nsf26169/nsf26169.htm,"{'ceramics', 'blockchain'}"
170,https://www.nsf.gov/pubs/2026/nsf26170/nsf26170.htm,"{'quantum computing', 'business', 'system security', 'natural language processing', 'mechanics', 'human computer interaction'}"
171,https://www.nsf.gov/pubs/2026/nsf26171/nsf26171.htm,"{'python', 'natural language processing', 'physics', 'thermodynamics', 'polymers', 'supply chain', 'human computer interaction'}"
172,https://www.nsf.gov/pubs/2026/nsf26172/nsf26172.htm,"{'structural health monitoring', 'high performance computing'}"
173,https://www.nsf.gov/pubs/2026/nsf26173/nsf26173.htm,"{'solar energy', 'ceramics', 'business', 'nanotechnology', 'neuroscience', 'logistics', 'economics', 'renewable energy'}"
174,https://www.nsf.gov/pubs/2026/nsf26174/nsf26174.htm,"{'statistics', 'optimization'}"
175,https://www.nsf.gov/pubs/2026/nsf26175/nsf26175.htm,"{'data science', 'business', 'computer vision', 'machine learning', 'nanotechnology'}"
176,https://www.nsf.gov/pubs/2026/nsf26176/nsf26176.htm,"{'material science', 'system security', 'biology', 'electrical engineering', 'nanotechnology', 'ecology', 'education', 'civil engineering'}"
177,https://www.nsf.gov/pubs/2026/nsf26177/nsf26177.htm,"{'computer vision', 'cognitive science', 'fluid dynamics', 'mechanics', 'supply chain', 'cybersecurity', 'blockchain', 'renewable energy'}"
178,https://www.nsf.gov/pubs/2026/nsf26178/nsf26178.htm,"{'nuclear engineering', 'biology', 'polymers', 'cybersecurity', 'genetics', 'renewable energy', 'biophysics'}"
179,https://www.nsf.gov/pubs/2026/nsf26179/nsf26179.htm,"{'solar energy', 'electrical engineering', 'robotics', 'optimization'}"
180,https://www.nsf.gov/pubs/2026/nsf26180/nsf26180.htm,"{'material science', 'statistics', 'graph theory', 'embedded systems', 'cybersecurity', 'human computer interaction'}"
181,https://www.nsf.gov/pubs/2026/nsf26181/nsf26181.htm,"{'bioinformatics', 'wireless communication', 'fluid dynamics', 'project management'}"
182,https://www.nsf.gov/pubs/2026/nsf26182/nsf26182.htm,"{'computer vision', 'software engineering', 'battery technology', 'applied mathematics', 'biology', 'neuroscience', 'genetics', 'economics'}"
183,https://www.nsf.gov/pubs/2026/nsf26183/nsf26183.htm,"{'ceramics', 'artificial intelligence'}"
184,https://www.nsf.gov/pubs/2026/nsf26184/nsf26184.htm,"{'business', 'quantum computing', 'natural language processing', 'artificial intelligence', 'chemical engineering'}"
185,https://www.nsf.gov/pubs/2026/nsf26185/nsf26185.htm,"{'python', 'physics', 'chemistry', 'robotics', 'structural health monitoring', 'high performance computing'}"
186,https://www.nsf.gov/pubs/2026/nsf26186/nsf26186.htm,"{'nanotechnology', 'embedded systems', 'wireless communication', 'genetics'}"
187,https://www.nsf.gov/pubs/2026/nsf26187/nsf26187.htm,"{'data science', 'quantum computing', 'wireless communication', 'robotics', 'cybersecurity', 'civil engineering'}"
188,https://www.nsf.gov/pubs/2026/nsf26188/nsf26188.htm,"{'data science', 'biology', 'electrical engineering', 'economics'}"
189,https://www.nsf.gov/pubs/2026/nsf26189/nsf26189.htm,"{'material science', 'wireless communication', 'applied mathematics', 'thermodynamics', 'embedded systems', 'mathematics', 'chemical engineering'}"
190,https://www.nsf.gov/pubs/2026/nsf26190/nsf26190.htm,"{'quantum computing', 'system security', 'wireless communication', 'engineering education', 'graph theory', 'blockchain'}"
191,https://www.nsf.gov/pubs/2026/nsf26191/nsf26191.htm,"{'data science', 'project management'}"
192,https://www.nsf.gov/pubs/2026/nsf26192/nsf26192.htm,"{'ceramics', 'data science', 'deep learning', 'graph theory', 'applied mathematics', 'chemistry', 'polymers'}"
193,https://www.nsf.gov/pubs/2026/nsf26193/nsf26193.htm,"{'ceramics', 'cloud computing', 'statistics', 'quantum computing', 'optimization', 'biology'}"
194,https://www.nsf.gov/pubs/2026/nsf26194/nsf26194.htm,"{'battery technology', 'pedagogy', 'logistics'}"
195,https://www.nsf.gov/pubs/2026/nsf26195/nsf26195.htm,"{'optimization', 'graph theory', 'biology', 'embedded systems', 'polymers', 'ecology', 'psychology'}"
196,https://www.nsf.gov/pubs/2026/nsf26196/nsf26196.htm,"{'quantum computing', 'system security', 'bioinformatics', 'applied mathematics', 'nanotechnology', 'environmental science', 'structural health monitoring'}"
197,https://www.nsf.gov/pubs/2026/nsf26197/nsf26197.htm,"{'optimization', 'engineering education', 'machine learning', 'biology', 'thermodynamics', 'supply chain', 'psychology'}"
198,https://www.nsf.gov/pubs/2026/nsf26198/nsf26198.htm,"{'logistics', 'nuclear engineering', 'cybersecurity'}"
199,https://www.nsf.gov/pubs/2026/nsf26199/nsf26199.htm,"{'natural language processing', 'fluid dynamics', 'nuclear engineering', 'logistics', 'neuroscience', 'renewable energy'}"
200,https://www.nsf.gov/pubs/2026/nsf26200/nsf26200.htm,"{'mechanics', 'bioinformatics', 'project management'}"
201,https://www.nsf.gov/pubs/2026/nsf26201/nsf26201.htm,"{'bioinformatics', 'chemical engineering'}"
202,https://www.nsf.gov/pubs/2026/nsf26202/nsf26202.htm,"{'graph theory', 'fuel cells', 'computer vision', 'genetics'}"
203,https://www.nsf.gov/pubs/2026/nsf26203/nsf26203.htm,"{'business', 'natural language processing'}"
204,https://www.nsf.gov/pubs/2026/nsf26204/nsf26204.htm,"{'optimization', 'physics', 'artificial intelligence', 'chemical engineering', 'civil engineering'}"
205,https://www.nsf.gov/pubs/2026/nsf26205/nsf26205.htm,"{'bioinformatics', 'project management'}"
206,https://www.nsf.gov/pubs/2026/nsf26206/nsf26206.htm,"{'system security', 'natural language processing', 'engineering education', 'machine learning', 'education', 'graph theory', 'structural health monitoring', 'renewable energy'}"
207,https://www.nsf.gov/pubs/2026/nsf26207/nsf26207.htm,"{'ceramics', 'deep learning', 'natural language processing', 'software engineering', 'project management', 'chemistry', 'ecology', 'artificial intelligence'}"
208,https://www.nsf.gov/pubs/2026/nsf26208/nsf26208.htm,"{'blockchain', 'polymers', 'cybersecurity', 'climate change'}"
209,https://www.nsf.gov/pubs/2026/nsf26209/nsf26209.htm,"{'human computer interaction', 'genetics', 'cognitive science'}"
210,https://www.nsf.gov/pubs/2026/nsf26210/nsf26210.htm,"{'biology', 'fluid dynamics'}"
211,https://www.nsf.gov/pubs/2026/nsf26211/nsf26211.htm,"{'cloud computing', 'optimization', 'system security', 'physics', 'neuroscience', 'robotics', 'structural health monitoring', 'civil engineering'}"
212,https://www.nsf.gov/pubs/2026/nsf26212/nsf26212.htm,"{'geotechnical engineering', 'computer vision', 'system security', 'machine learning', 'physics', 'ecology', 'structural health monitoring'}"
213,https://www.nsf.gov/pubs/2026/nsf26213/nsf26213.htm,"{'blockchain', 'fuel cells', 'supply chain', 'civil engineering'}"
214,https://www.nsf.gov/pubs/2026/nsf26214/nsf26214.htm,"{'solar energy', 'business', 'natural language processing', 'climate change', 'engineering education', 'chemistry', 'fuel cells', 'renewable energy'}"
215,https://www.nsf.gov/pubs/2026/nsf26215/nsf26215.htm,"{'blockchain', 'curriculum development', 'psychology', 'project management'}"
216,https://www.nsf.gov/pubs/2026/nsf26216/nsf26216.htm,"{'optimization', 'genetics'}"
217,https://www.nsf.gov/pubs/2026/nsf26217/nsf26217.htm,"{'business', 'polymers', 'genetics', 'structural health monitoring', 'renewable energy'}"
218,https://www.nsf.gov/pubs/2026/nsf26218/nsf26218.htm,"{'ceramics', 'software engineering', 'logistics', 'neuroscience', 'artificial intelligence'}"
219,https://www.nsf.gov/pubs/2026/nsf26219/nsf26219.htm,"{'geotechnical engineering', 'python', 'material science', 'nanotechnology', 'neuroscience'}"
220,https://www.nsf.gov/pubs/2026/nsf26220/nsf26220.htm,"{'quantum computing', 'battery technology', 'curriculum development', 'graph theory', 'biology'}"
221,https://www.nsf.gov/pubs/2026/nsf26221/nsf26221.htm,"{'cloud computing', 'battery technology', 'nuclear engineering', 'project management', 'fuel cells', 'robotics', 'blockchain'}"
222,https://www.nsf.gov/pubs/2026/nsf26222/nsf26222.htm,"{'nuclear engineering', 'physics', 'project management'}"
223,https://www.nsf.gov/pubs/2026/nsf26223/nsf26223.htm,"{'battery technology', 'embedded systems', 'education', 'civil engineering'}"
224,https://www.nsf.gov/pubs/2026/nsf26224/nsf26224.htm,"{'material science', 'quantum computing', 'deep learning', 'fluid dynamics', 'applied mathematics'}"
225,https://www.nsf.gov/pubs/2026/nsf26225/nsf26225.htm,"{'pedagogy', 'climate change', 'chemistry', 'logistics', 'blockchain', 'civil engineering'}"
226,https://www.nsf.gov/pubs/2026/nsf26226/nsf26226.htm,"{'computer vision', 'software engineering', 'graph theory', 'environmental science', 'structural health monitoring'}"
227,https://www.nsf.gov/pubs/2026/nsf26227/nsf26227.htm,"{'chemistry', 'optimization', 'system security', 'machine learning'}"
228,https://www.nsf.gov/pubs/2026/nsf26228/nsf26228.htm,"{'pedagogy', 'optimization', 'computer vision', 'project management', 'thermodynamics', 'blockchain', 'genetics'}"
229,https://www.nsf.gov/pubs/2026/nsf26229/nsf26229.htm,"{'statistics', 'business', 'system security', 'fluid dynamics', 'bioinformatics', 'thermodynamics'}"
230,https://www.nsf.gov/pubs/2026/nsf26230/nsf26230.htm,"{'optimization', 'deep learning', 'computer vision', 'machine learning', 'nanotechnology', 'thermodynamics', 'ecology', 'education'}"
231,https://www.nsf.gov/pubs/2026/nsf26231/nsf26231.htm,"{'data science', 'system security'}"
232,https://www.nsf.gov/pubs/2026/nsf26232/nsf26232.htm,"{'structural health monitoring', 'machine learning', 'business', 'wireless communication'}"
233,https://www.nsf.gov/pubs/2026/nsf26233/nsf26233.htm,"{'data science', 'battery technology', 'machine learning', 'physics', 'thermodynamics', 'environmental science', 'structural health monitoring', 'biophysics'}"
234,https://www.nsf.gov/pubs/2026/nsf26234/nsf26234.htm,"{'python', 'business', 'quantum computing', 'supply chain', 'cybersecurity', 'genetics', 'human computer interaction', 'high performance computing'}"
235,https://www.nsf.gov/pubs/2026/nsf26235/nsf26235.htm,"{'material science', 'psychology', 'wireless communication'}"
236,https://www.nsf.gov/pubs/2026/nsf26236/nsf26236.htm,"{'python', 'deep learning', 'natural language processing', 'nuclear engineering', 'thermodynamics', 'polymers'}"
237,https://www.nsf.gov/pubs/2026/nsf26237/nsf26237.htm,"{'ceramics', 'curriculum development', 'sustainability', 'project management'}"
238,https://www.nsf.gov/pubs/2026/nsf26238/nsf26238.htm,"{'wireless communication', 'graph theory', 'biology', 'embedded systems', 'fuel cells'}"
239,https://www.nsf.gov/pubs/2026/nsf26239/nsf26239.htm,"{'engineering education', 'nuclear engineering', 'chemical engineering', 'fluid dynamics'}"
240,https://www.nsf.gov/pubs/2026/nsf26240/nsf26240.htm,"{'wireless communication', 'battery technology', 'mechanics', 'sustainability', 'project management', 'education'}"
241,https://www.nsf.gov/pubs/2026/nsf26241/nsf26241.htm,"{'human computer interaction', 'material science', 'project management'}"
242,https://www.nsf.gov/pubs/2026/nsf26242/nsf26242.htm,"{'material science', 'iot', 'high performance computing', 'biophysics'}"
243,https://www.nsf.gov/pubs/2026/nsf26243/nsf26243.htm,"{'mathematics', 'python', 'software engineering', 'fluid dynamics'}"
244,https://www.nsf.gov/pubs/2026/nsf26244/nsf26244.htm,"{'cloud computing', 'computer vision', 'climate change', 'battery technology', 'electrical engineering', 'environmental science', 'chemical engineering'}"
245,https://www.nsf.gov/pubs/2026/nsf26245/nsf26245.htm,"{'biology', 'logistics', 'robotics', 'blockchain', 'biophysics'}"
246,https://www.nsf.gov/pubs/2026/nsf26246/nsf26246.htm,"{'mathematics', 'supply chain', 'cybersecurity', 'project management'}"
247,https://www.nsf.gov/pubs/2026/nsf26247/nsf26247.htm,"{'structural health monitoring', 'wireless communication', 'iot', 'computer vision'}"
248,https://www.nsf.gov/pubs/2026/nsf26248/nsf26248.htm,"{'computer vision', 'nuclear engineering', 'graph theory', 'artificial intelligence', 'high performance computing'}"
249,https://www.nsf.gov/pubs/2026/nsf26249/nsf26249.htm,"{'ceramics', 'pedagogy', 'python', 'cognitive science', 'fluid dynamics', 'environmental science', 'iot', 'biophysics'}"
250,https://www.nsf.gov/pubs/2026/nsf26250/nsf26250.htm,"{'geotechnical engineering', 'pedagogy', 'cloud computing', 'fuel cells', 'cybersecurity', 'biophysics'}"
251,https://www.nsf.gov/pubs/2026/nsf26251/nsf26251.htm,"{'data science', 'cognitive science', 'battery technology', 'thermodynamics', 'embedded systems', 'renewable energy'}"
252,https://www.nsf.gov/pubs/2026/nsf26252/nsf26252.htm,"{'embedded systems', 'business', 'machine learning'}"
253,https://www.nsf.gov/pubs/2026/nsf26253/nsf26253.htm,"{'solar energy', 'computer vision', 'cognitive science', 'sustainability', 'blockchain'}"
254,https://www.nsf.gov/pubs/2026/nsf26254/nsf26254.htm,"{'data science', 'python', 'optimization', 'quantum computing', 'climate change', 'biology', 'economics', 'civil engineering'}"
255,https://www.nsf.gov/pubs/2026/nsf26255/nsf26255.htm,"{'natural language processing', 'software engineering', 'biology', 'thermodynamics', 'logistics', 'ecology'}"
256,https://www.nsf.gov/pubs/2026/nsf26256/nsf26256.htm,"{'solar energy', 'data science', 'neuroscience', 'chemistry'}"
257,https://www.nsf.gov/pubs/2026/nsf26257/nsf26257.htm,"{'data science', 'project management', 'logistics', 'neuroscience', 'supply chain', 'cybersecurity'}"
258,https://www.nsf.gov/pubs/2026/nsf26258/nsf26258.htm,"{'genetics', 'high performance computing', 'blockchain'}"
259,https://www.nsf.gov/pubs/2026/nsf26259/nsf26259.htm,"{'system security', 'curriculum development', 'project management', 'graph theory', 'fuel cells', 'polymers', 'biophysics'}"
260,https://www.nsf.gov/pubs/2026/nsf26260/nsf26260.htm,"{'system security', 'fluid dynamics', 'machine learning', 'curriculum development', 'sustainability', 'graph theory', 'genetics', 'psychology'}"
261,https://www.nsf.gov/pubs/2026/nsf26261/nsf26261.htm,"{'material science', 'statistics', 'machine learning', 'chemistry', 'logistics', 'genetics'}"
262,https://www.nsf.gov/pubs/2026/nsf26262/nsf26262.htm,"{'ceramics', 'battery technology', 'chemistry', 'biology', 'nanotechnology', 'blockchain'}"
263,https://www.nsf.gov/pubs/2026/nsf26263/nsf26263.htm,"{'artificial intelligence', 'natural language processing'}"
264,https://www.nsf.gov/pubs/2026/nsf26264/nsf26264.htm,"{'data science', 'natural language processing', 'fluid dynamics', 'chemistry', 'applied mathematics', 'embedded systems', 'robotics', 'cybersecurity'}"
265,https://www.nsf.gov/pubs/2026/nsf26265/nsf26265.htm,"{'ecology', 'ceramics', 'climate change'}"
266,https://www.nsf.gov/pubs/2026/nsf26266/nsf26266.htm,"{'cloud computing', 'pedagogy', 'business', 'physics', 'project management', 'robotics', 'ecology', 'renewable energy'}"
267,https://www.nsf.gov/pubs/2026/nsf26267/nsf26267.htm,"{'wireless communication', 'curriculum development', 'chemistry', 'genetics', 'artificial intelligence', 'chemical engineering'}"
268,https://www.nsf.gov/pubs/2026/nsf26268/nsf26268.htm,"{'ecology', 'neuroscience', 'business'}"
269,https://www.nsf.gov/pubs/2026/nsf26269/nsf26269.htm,"{'bioinformatics', 'cybersecurity', 'neuroscience'}"
270,https://www.nsf.gov/pubs/2026/nsf26270/nsf26270.htm,"{'cloud computing', 'material science', 'business', 'natural language processing', 'nuclear engineering', 'applied mathematics', 'thermodynamics'}"
271,https://www.nsf.gov/pubs/2026/nsf26271/nsf26271.htm,"{'graph theory', 'education'}"
272,https://www.nsf.gov/pubs/2026/nsf26272/nsf26272.htm,"{'geotechnical engineering', 'business', 'quantum computing', 'electrical engineering', 'embedded systems'}"
273,https://www.nsf.gov/pubs/2026/nsf26273/nsf26273.htm,"{'computer vision', 'wireless communication', 'sustainability', 'biology', 'genetics', 'ecology', 'iot'}"
274,https://www.nsf.gov/pubs/2026/nsf26274/nsf26274.htm,"{'thermodynamics', 'computer vision'}"
275,https://www.nsf.gov/pubs/2026/nsf26275/nsf26275.htm,"{'electrical engineering', 'software engineering'}"
276,https://www.nsf.gov/pubs/2026/nsf26276/nsf26276.htm,"{'education', 'fluid dynamics'}"
277,https://www.nsf.gov/pubs/2026/nsf26277/nsf26277.htm,"{'economics', 'fuel cells'}"
278,https://www.nsf.gov/pubs/2026/nsf26278/nsf26278.htm,"{'pedagogy', 'deep learning', 'nuclear engineering', 'robotics', 'structural health monitoring', 'mathematics', 'biophysics'}"
279,https://www.nsf.gov/pubs/2026/nsf26279/nsf26279.htm,"{'quantum computing', 'computer vision', 'battery technology', 'machine learning', 'psychology'}"
280,https://www.nsf.gov/pubs/2026/nsf26280/nsf26280.htm,"{'renewable energy', 'structural health monitoring', 'cybersecurity'}"
281,https://www.nsf.gov/pubs/2026/nsf26281/nsf26281.htm,"{'optimization', 'nanotechnology', 'electrical engineering', 'fuel cells', 'supply chain', 'cybersecurity', 'blockchain', 'structural health monitoring'}"
282,https://www.nsf.gov/pubs/2026/nsf26282/nsf26282.htm,"{'economics', 'chemical engineering'}"
283,https://www.nsf.gov/pubs/2026/nsf26283/nsf26283.htm,"{'structural health monitoring', 'psychology', 'economics'}"
284,https://www.nsf.gov/pubs/2026/nsf26284/nsf26284.htm,"{'computer vision', 'environmental science', 'supply chain', 'biophysics', 'renewable energy', 'civil engineering'}"
285,https://www.nsf.gov/pubs/2026/nsf26285/nsf26285.htm,"{'environmental science', 'business', 'fluid dynamics', 'cognitive science'}"
286,https://www.nsf.gov/pubs/2026/nsf26286/nsf26286.htm,"{'statistics', 'natural language processing', 'climate change', 'nuclear engineering', 'economics'}"
287,https://www.nsf.gov/pubs/2026/nsf26287/nsf26287.htm,"{'business', 'natural language processing', 'engineering education', 'graph theory', 'chemical engineering'}"
288,https://www.nsf.gov/pubs/2026/nsf26288/nsf26288.htm,"{'business', 'supply chain', 'cybersecurity', 'blockchain', 'human computer interaction', 'mathematics'}"
289,https://www.nsf.gov/pubs/2026/nsf26289/nsf26289.htm,"{'logistics', 'mechanics', 'education', 'biophysics'}"
290,https://www.nsf.gov/pubs/2026/nsf26290/nsf26290.htm,"{'pedagogy', 'statistics', 'climate change', 'embedded systems', 'structural health monitoring', 'education'}"
291,https://www.nsf.gov/pubs/2026/nsf26291/nsf26291.htm,"{'artificial intelligence', 'renewable energy'}"
292,https://www.nsf.gov/pubs/2026/nsf26292/nsf26292.htm,"{'business', 'system security', 'bioinformatics', 'project management', 'applied mathematics', 'biology', 'polymers'}"
293,https://www.nsf.gov/pubs/2026/nsf26293/nsf26293.htm,"{'optimization', 'cognitive science', 'mechanics', 'polymers', 'human computer interaction'}"
294,https://www.nsf.gov/pubs/2026/nsf26294/nsf26294.htm,"{'ceramics', 'battery technology', 'nuclear engineering', 'biology', 'environmental science', 'fuel cells', 'psychology', 'chemical engineering'}"
295,https://www.nsf.gov/pubs/2026/nsf26295/nsf26295.htm,"{'data science', 'pedagogy', 'statistics', 'cognitive science', 'electrical engineering', 'fuel cells', 'iot'}"
296,https://www.nsf.gov/pubs/2026/nsf26296/nsf26296.htm,"{'chemistry', 'neuroscience', 'deep learning', 'renewable energy'}"
297,https://www.nsf.gov/pubs/2026/nsf26297/nsf26297.htm,"{'robotics', 'cognitive science'}"
298,https://www.nsf.gov/pubs/2026/nsf26298/nsf26298.htm,"{'engineering education', 'artificial intelligence', 'curriculum development', 'climate change'}"
299,https://www.nsf.gov/pubs/2026/nsf26299/nsf26299.htm,"{'mechanics', 'logistics', 'biology'}"
300,https://www.nsf.gov/pubs/2026/nsf26300/nsf26300.htm,"{'software engineering', 'curriculum development', 'electrical engineering', 'high performance computing', 'biophysics'}"
301,https://www.nsf.gov/pubs/2026/nsf26301/nsf26301.htm,"{'material science', 'system security', 'physics'}"
302,https://www.nsf.gov/pubs/2026/nsf26302/nsf26302.htm,"{'material science', 'project management', 'thermodynamics', 'polymers', 'neuroscience'}"
303,https://www.nsf.gov/pubs/2026/nsf26303/nsf26303.htm,"{'ecology', 'wireless communication', 'blockchain'}"
304,https://www.nsf.gov/pubs/2026/nsf26304/nsf26304.htm,"{'material science', 'python', 'business', 'curriculum development', 'biology', 'environmental science', 'artificial intelligence', 'education'}"
305,https://www.nsf.gov/pubs/2026/nsf26305/nsf26305.htm,"{'sustainability', 'deep learning', 'biophysics'}"
306,https://www.nsf.gov/pubs/2026/nsf26306/nsf26306.htm,"{'geotechnical engineering', 'human computer interaction'}"
307,https://www.nsf.gov/pubs/2026/nsf26307/nsf26307.htm,"{'solar energy', 'cloud computing', 'statistics', 'software engineering', 'civil engineering'}"
308,https://www.nsf.gov/pubs/2026/nsf26308/nsf26308.htm,"{'graph theory', 'psychology', 'project management'}"
309,https://www.nsf.gov/pubs/2026/nsf26309/nsf26309.htm,"{'material science', 'system security', 'climate change', 'software engineering', 'nanotechnology', 'blockchain', 'economics'}"
310,https://www.nsf.gov/pubs/2026/nsf26310/nsf26310.htm,"{'pedagogy', 'natural language processing', 'applied mathematics', 'fuel cells', 'cybersecurity', 'structural health monitoring', 'high performance computing', 'renewable energy'}"
311,https://www.nsf.gov/pubs/2026/nsf26311/nsf26311.htm,"{'robotics', 'statistics', 'sustainability'}"
312,https://www.nsf.gov/pubs/2026/nsf26312/nsf26312.htm,"{'solar energy', 'statistics', 'software engineering', 'curriculum development', 'electrical engineering'}"
313,https://www.nsf.gov/pubs/2026/nsf26313/nsf26313.htm,"{'environmental science', 'biophysics'}"
314,https://www.nsf.gov/pubs/2026/nsf26314/nsf26314.htm,"{'data science', 'system security', 'fluid dynamics', 'chemistry', 'biology', 'polymers'}"
315,https://www.nsf.gov/pubs/2026/nsf26315/nsf26315.htm,"{'cloud computing', 'thermodynamics', 'polymers', 'ecology', 'artificial intelligence', 'civil engineering'}"
316,https://www.nsf.gov/pubs/2026/nsf26316/nsf26316.htm,"{'solar energy', 'statistics', 'bioinformatics', 'physics', 'electrical engineering', 'supply chain', 'fuel cells', 'structural health monitoring'}"
317,https://www.nsf.gov/pubs/2026/nsf26317/nsf26317.htm,"{'ceramics', 'cloud computing', 'statistics', 'software engineering'}"
318,https://www.nsf.gov/pubs/2026/nsf26318/nsf26318.htm,"{'data science', 'pedagogy', 'fluid dynamics', 'applied mathematics', 'embedded systems', 'cybersecurity', 'blockchain', 'mathematics'}"
319,https://www.nsf.gov/pubs/2026/nsf26319/nsf26319.htm,"{'natural language processing', 'physics', 'chemistry', 'logistics', 'fuel cells', 'education'}"
320,https://www.nsf.gov/pubs/2026/nsf26320/nsf26320.htm,"{'material science', 'deep learning', 'physics', 'applied mathematics', 'artificial intelligence', 'iot', 'civil engineering'}"
321,https://www.nsf.gov/pubs/2026/nsf26321/nsf26321.htm,"{'data science', 'cognitive science', 'civil engineering', 'nanotechnology', 'psychology', 'ecology', 'high performance computing', 'biophysics'}"
322,https://www.nsf.gov/pubs/2026/nsf26322/nsf26322.htm,"{'data science', 'ceramics', 'statistics', 'system security', 'battery technology', 'nuclear engineering', 'sustainability'}"
323,https://www.nsf.gov/pubs/2026/nsf26323/nsf26323.htm,"{'pedagogy', 'cognitive science', 'climate change', 'sustainability', 'logistics', 'fuel cells'}"
324,https://www.nsf.gov/pubs/2026/nsf26324/nsf26324.htm,"{'structural health monitoring', 'optimization'}"
325,https://www.nsf.gov/pubs/2026/nsf26325/nsf26325.htm,"{'applied mathematics', 'iot'}"
326,https://www.nsf.gov/pubs/2026/nsf26326/nsf26326.htm,"{'pedagogy', 'python', 'battery technology', 'neuroscience', 'mathematics', 'high performance computing'}"
327,https://www.nsf.gov/pubs/2026/nsf26327/nsf26327.htm,"{'quantum computing', 'deep learning', 'applied mathematics', 'psychology', 'biophysics'}"
328,https://www.nsf.gov/pubs/2026/nsf26328/nsf26328.htm,"{'system security', 'deep learning'}"
329,https://www.nsf.gov/pubs/2026/nsf26329/nsf26329.htm,"{'wireless communication', 'natural language processing', 'fluid dynamics', 'polymers', 'structural health monitoring', 'economics'}"
330,https://www.nsf.gov/pubs/2026/nsf26330/nsf26330.htm,"{'data science', 'battery technology', 'environmental science', 'polymers', 'human computer interaction', 'artificial intelligence', 'mathematics', 'renewable energy'}"
331,https://www.nsf.gov/pubs/2026/nsf26331/nsf26331.htm,"{'solar energy', 'material science', 'cloud computing', 'engineering education', 'project management', 'electrical engineering', 'fuel cells', 'neuroscience'}"
332,https://www.nsf.gov/pubs/2026/nsf26332/nsf26332.htm,"{'high performance computing', 'natural language processing'}"
333,https://www.nsf.gov/pubs/2026/nsf26333/nsf26333.htm,"{'human computer interaction', 'electrical engineering'}"
334,https://www.nsf.gov/pubs/2026/nsf26334/nsf26334.htm,"{'wireless communication', 'chemistry', 'logistics', 'high performance computing', 'biophysics'}"
335,https://www.nsf.gov/pubs/2026/nsf26335/nsf26335.htm,"{'pedagogy', 'geotechnical engineering', 'optimization', 'chemistry', 'fuel cells'}"
336,https://www.nsf.gov/pubs/2026/nsf26336/nsf26336.htm,"{'material science', 'nuclear engineering', 'wireless communication', 'civil engineering'}"
337,https://www.nsf.gov/pubs/2026/nsf26337/nsf26337.htm,"{'ceramics', 'polymers'}"
338,https://www.nsf.gov/pubs/2026/nsf26338/nsf26338.htm,"{'machine learning', 'education'}"
339,https://www.nsf.gov/pubs/2026/nsf26339/nsf26339.htm,"{'cognitive science', 'iot', 'neuroscience'}"
340,https://www.nsf.gov/pubs/2026/nsf26340/nsf26340.htm,"{'solar energy', 'cloud computing', 'deep learning', 'software engineering', 'machine learning', 'sustainability', 'environmental science', 'psychology'}"
341,https://www.nsf.gov/pubs/2026/nsf26341/nsf26341.htm,"{'ecology', 'data science', 'statistics'}"
342,https://www.nsf.gov/pubs/2026/nsf26342/nsf26342.htm,"{'robotics', 'biophysics'}"
343,https://www.nsf.gov/pubs/2026/nsf26343/nsf26343.htm,"{'mechanics', 'thermodynamics', 'deep learning'}"
344,https://www.nsf.gov/pubs/2026/nsf26344/nsf26344.htm,"{'engineering education', 'battery technology', 'economics', 'ceramics'}"
345,https://www.nsf.gov/pubs/2026/nsf26345/nsf26345.htm,"{'engineering education', 'embedded systems', 'natural language processing', 'biophysics'}"
346,https://www.nsf.gov/pubs/2026/nsf26346/nsf26346.htm,"{'cloud computing', 'statistics', 'business', 'physics', 'chemistry', 'applied mathematics', 'nanotechnology'}"
347,https://www.nsf.gov/pubs/2026/nsf26347/nsf26347.htm,"{'neuroscience', 'supply chain', 'fuel cells', 'ecology', 'structural health monitoring'}"
348,https://www.nsf.gov/pubs/2026/nsf26348/nsf26348.htm,"{'geotechnical engineering', 'fluid dynamics', 'thermodynamics', 'polymers', 'robotics', 'supply chain', 'human computer interaction', 'high performance computing'}"
349,https://www.nsf.gov/pubs/2026/nsf26349/nsf26349.htm,"{'ceramics', 'cloud computing', 'quantum computing', 'mechanics', 'logistics', 'fuel cells', 'blockchain', 'economics'}"
350,https://www.nsf.gov/pubs/2026/nsf26350/nsf26350.htm,"{'data science', 'biology', 'fuel cells', 'supply chain', 'structural health monitoring', 'iot'}"
351,https://www.nsf.gov/pubs/2026/nsf26351/nsf26351.htm,"{'python', 'quantum computing', 'system security', 'nuclear engineering', 'nanotechnology', 'biophysics'}"
352,https://www.nsf.gov/pubs/2026/nsf26352/nsf26352.htm,"{'optimization', 'fluid dynamics', 'chemistry', 'nanotechnology', 'neuroscience', 'polymers', 'blockchain', 'high performance computing'}"
353,https://www.nsf.gov/pubs/2026/nsf26353/nsf26353.htm,"{'ecology', 'environmental science', 'psychology', 'genetics'}"
354,https://www.nsf.gov/pubs/2026/nsf26354/nsf26354.htm,"{'ceramics', 'optimization'}"
355,https://www.nsf.gov/pubs/2026/nsf26355/nsf26355.htm,"{'computer vision', 'system security', 'cognitive science', 'chemistry', 'robotics', 'artificial intelligence', 'economics'}"
356,https://www.nsf.gov/pubs/2026/nsf26356/nsf26356.htm,"{'python', 'quantum computing', 'deep learning', 'fluid dynamics', 'graph theory', 'electrical engineering', 'ecology', 'education'}"
357,https://www.nsf.gov/pubs/2026/nsf26357/nsf26357.htm,"{'quantum computing', 'renewable energy'}"
358,https://www.nsf.gov/pubs/2026/nsf26358/nsf26358.htm,"{'solar energy', 'optimization', 'system security', 'nuclear engineering', 'electrical engineering', 'artificial intelligence'}"
359,https://www.nsf.gov/pubs/2026/nsf26359/nsf26359.htm,"{'deep learning', 'nanotechnology', 'electrical engineering', 'polymers', 'chemical engineering'}"
360,https://www.nsf.gov/pubs/2026/nsf26360/nsf26360.htm,"{'data science', 'cloud computing', 'business', 'wireless communication', 'deep learning', 'fluid dynamics', 'graph theory'}"
361,https://www.nsf.gov/pubs/2026/nsf26361/nsf26361.htm,"{'cognitive science', 'engineering education', 'climate change', 'nuclear engineering', 'structural health monitoring', 'artificial intelligence', 'mathematics', 'civil engineering'}"
362,https://www.nsf.gov/pubs/2026/nsf26362/nsf26362.htm,"{'nanotechnology', 'sustainability', 'education', 'cognitive science'}"
363,https://www.nsf.gov/pubs/2026/nsf26363/nsf26363.htm,"{'solar energy', 'pedagogy', 'wireless communication', 'climate change', 'fuel cells', 'artificial intelligence', 'psychology', 'civil engineering'}"
364,https://www.nsf.gov/pubs/2026/nsf26364/nsf26364.htm,"{'data science', 'cognitive science', 'sustainability', 'biology', 'neuroscience', 'high performance computing', 'mathematics', 'psychology'}"
365,https://www.nsf.gov/pubs/2026/nsf26365/nsf26365.htm,"{'project management', 'applied mathematics', 'thermodynamics', 'mathematics', 'psychology'}"
366,https://www.nsf.gov/pubs/2026/nsf26366/nsf26366.htm,"{'cloud computing', 'wireless communication', 'computer vision', 'software engineering', 'nuclear engineering', 'applied mathematics', 'human computer interaction', 'psychology'}"
367,https://www.nsf.gov/pubs/2026/nsf26367/nsf26367.htm,"{'ceramics', 'computer vision', 'bioinformatics', 'physics', 'electrical engineering', 'neuroscience'}"
368,https://www.nsf.gov/pubs/2026/nsf26368/nsf26368.htm,"{'machine learning', 'nuclear engineering', 'quantum computing'}"
369,https://www.nsf.gov/pubs/2026/nsf26369/nsf26369.htm,"{'ceramics', 'cloud computing', 'python', 'quantum computing', 'project management', 'applied mathematics', 'thermodynamics', 'human computer interaction'}"
370,https://www.nsf.gov/pubs/2026/nsf26370/nsf26370.htm,"{'pedagogy', 'embedded systems', 'deep learning', 'software engineering'}"
371,https://www.nsf.gov/pubs/2026/nsf26371/nsf26371.htm,"{'geotechnical engineering', 'business', 'quantum computing', 'physics'}"
372,https://www.nsf.gov/pubs/2026/nsf26372/nsf26372.htm,"{'fluid dynamics', 'engineering education', 'software engineering', 'machine learning', 'sustainability', 'chemistry', 'human computer interaction', 'economics'}"
373,https://www.nsf.gov/pubs/2026/nsf26373/nsf26373.htm,"{'computer vision', 'climate change', 'mechanics', 'physics', 'robotics', 'chemical engineering', 'renewable energy'}"
374,https://www.nsf.gov/pubs/2026/nsf26374/nsf26374.htm,"{'machine learning', 'robotics'}"
375,https://www.nsf.gov/pubs/2026/nsf26375/nsf26375.htm,"{'deep learning', 'natural language processing', 'curriculum development', 'graph theory', 'structural health monitoring'}"
376,https://www.nsf.gov/pubs/2026/nsf26376/nsf26376.htm,"{'data science', 'pedagogy', 'python', 'quantum computing', 'nanotechnology', 'iot', 'high performance computing', 'education'}"
377,https://www.nsf.gov/pubs/2026/nsf26377/nsf26377.htm,"{'statistics', 'mechanics', 'physics', 'graph theory', 'robotics', 'chemical engineering'}"
378,https://www.nsf.gov/pubs/2026/nsf26378/nsf26378.htm,"{'solar energy', 'quantum computing', 'system security', 'curriculum development', 'physics', 'environmental science', 'polymers', 'biophysics'}"
379,https://www.nsf.gov/pubs/2026/nsf26379/nsf26379.htm,"{'solar energy', 'pedagogy', 'genetics'}"
380,https://www.nsf.gov/pubs/2026/nsf26380/nsf26380.htm,"{'data science', 'deep learning', 'project management', 'chemistry', 'polymers', 'economics', 'chemical engineering'}"
381,https://www.nsf.gov/pubs/2026/nsf26381/nsf26381.htm,"{'solar energy', 'deep learning', 'mechanics', 'robotics', 'high performance computing', 'education'}"
382,https://www.nsf.gov/pubs/2026/nsf26382/nsf26382.htm,"{'data science', 'nuclear engineering', 'physics', 'applied mathematics', 'polymers', 'supply chain', 'artificial intelligence'}"
383,https://www.nsf.gov/pubs/2026/nsf26383/nsf26383.htm,"{'cloud computing', 'optimization', 'deep learning', 'graph theory', 'supply chain', 'structural health monitoring', 'renewable energy'}"
384,https://www.nsf.gov/pubs/2026/nsf26384/nsf26384.htm,"{'ceramics', 'statistics', 'biology', 'robotics', 'cybersecurity', 'structural health monitoring'}"
385,https://www.nsf.gov/pubs/2026/nsf26385/nsf26385.htm,"{'statistics', 'cybersecurity'}"
386,https://www.nsf.gov/pubs/2026/nsf26386/nsf26386.htm,"{'nanotechnology', 'mechanics', 'software engineering'}"
387,https://www.nsf.gov/pubs/2026/nsf26387/nsf26387.htm,"{'ecology', 'iot', 'project management', 'climate change'}"
388,https://www.nsf.gov/pubs/2026/nsf26388/nsf26388.htm,"{'economics', 'wireless communication'}"
389,https://www.nsf.gov/pubs/2026/nsf26389/nsf26389.htm,"{'engineering education', 'artificial intelligence', 'mechanics', 'genetics'}"
390,https://www.nsf.gov/pubs/2026/nsf26390/nsf26390.htm,"{'geotechnical engineering', 'optimization', 'natural language processing', 'thermodynamics', 'fuel cells', 'iot', 'economics', 'civil engineering'}"
391,https://www.nsf.gov/pubs/2026/nsf26391/nsf26391.htm,"{'geotechnical engineering', 'deep learning', 'bioinformatics', 'thermodynamics', 'genetics', 'artificial intelligence'}"
392,https://www.nsf.gov/pubs/2026/nsf26392/nsf26392.htm,"{'engineering education', 'mechanics', 'sustainability', 'biology', 'nanotechnology', 'artificial intelligence'}"
393,https://www.nsf.gov/pubs/2026/nsf26393/nsf26393.htm,"{'neuroscience', 'supply chain', 'environmental science', 'cybersecurity', 'human computer interaction', 'education'}"
394,https://www.nsf.gov/pubs/2026/nsf26394/nsf26394.htm,"{'deep learning', 'climate change', 'applied mathematics', 'nanotechnology', 'electrical engineering', 'structural health monitoring', 'education'}"
395,https://www.nsf.gov/pubs/2026/nsf26395/nsf26395.htm,"{'python', 'statistics', 'cognitive science', 'electrical engineering', 'genetics', 'psychology', 'economics'}"
396,https://www.nsf.gov/pubs/2026/nsf26396/nsf26396.htm,"{'curriculum development', 'cybersecurity', 'software engineering'}"
397,https://www.nsf.gov/pubs/2026/nsf26397/nsf26397.htm,"{'cloud computing', 'optimization', 'chemistry', 'iot', 'psychology', 'renewable energy'}"
398,https://www.nsf.gov/pubs/2026/nsf26398/nsf26398.htm,"{'data science', 'business', 'natural language processing', 'engineering education', 'sustainability', 'blockchain'}"
399,https://www.nsf.gov/pubs/2026/nsf26399/nsf26399.htm,"{'material science', 'quantum computing', 'climate change', 'software engineering', 'mechanics', 'robotics'}"
400,https://www.nsf.gov/pubs/2026/nsf26400/nsf26400.htm,"{'ceramics', 'nuclear engineering', 'sustainability', 'civil engineering'}"
401,https://www.nsf.gov/pubs/2026/nsf26401/nsf26401.htm,"{'geotechnical engineering', 'optimization', 'computer vision', 'mechanics', 'chemistry', 'logistics', 'neuroscience', 'polymers'}"
402,https://www.nsf.gov/pubs/2026/nsf26402/nsf26402.htm,"{'graph theory', 'psychology', 'robotics'}"
403,https://www.nsf.gov/pubs/2026/nsf26403/nsf26403.htm,"{'geotechnical engineering', 'python', 'cybersecurity', 'structural health monitoring', 'high performance computing'}"
404,https://www.nsf.gov/pubs/2026/nsf26404/nsf26404.htm,"{'geotechnical engineering', 'nuclear engineering'}"
405,https://www.nsf.gov/pubs/2026/nsf26405/nsf26405.htm,"{'natural language processing', 'engineering education', 'applied mathematics', 'environmental science', 'polymers', 'robotics', 'iot'}"
406,https://www.nsf.gov/pubs/2026/nsf26406/nsf26406.htm,"{'ceramics', 'cloud computing', 'optimization', 'ecology', 'mathematics', 'biophysics'}"
407,https://www.nsf.gov/pubs/2026/nsf26407/nsf26407.htm,"{'business', 'engineering education', 'nuclear engineering', 'physics', 'project management', 'iot', 'education', 'biophysics'}"
408,https://www.nsf.gov/pubs/2026/nsf26408/nsf26408.htm,"{'python', 'mechanics', 'chemistry', 'thermodynamics', 'fuel cells', 'cybersecurity', 'iot', 'civil engineering'}"
409,https://www.nsf.gov/pubs/2026/nsf26409/nsf26409.htm,"{'curriculum development', 'system security', 'software engineering'}"
410,https://www.nsf.gov/pubs/2026/nsf26410/nsf26410.htm,"{'material science', 'computer vision', 'battery technology', 'machine learning', 'bioinformatics', 'chemistry', 'fuel cells', 'chemical engineering'}"
411,https://www.nsf.gov/pubs/2026/nsf26411/nsf26411.htm,"{'cognitive science', 'physics', 'supply chain', 'mathematics', 'high performance computing'}"
412,https://www.nsf.gov/pubs/2026/nsf26412/nsf26412.htm,"{'solar energy', 'deep learning', 'biology', 'neuroscience', 'biophysics'}"
413,https://www.nsf.gov/pubs/2026/nsf26413/nsf26413.htm,"{'solar energy', 'statistics', 'wireless communication', 'bioinformatics', 'logistics', 'cybersecurity', 'artificial intelligence', 'biophysics'}"
414,https://www.nsf.gov/pubs/2026/nsf26414/nsf26414.htm,"{'wireless communication', 'nuclear engineering', 'electrical engineering', 'fuel cells', 'structural health monitoring', 'biophysics'}"
415,https://www.nsf.gov/pubs/2026/nsf26415/nsf26415.htm,"{'ceramics', 'logistics', 'thermodynamics', 'supply chain', 'high performance computing'}"
416,https://www.nsf.gov/pubs/2026/nsf26416/nsf26416.htm,"{'fuel cells', 'civil engineering'}"
417,https://www.nsf.gov/pubs/2026/nsf26417/nsf26417.htm,"{'pedagogy', 'deep learning', 'engineering education', 'biology', 'fuel cells', 'psychology', 'education', 'civil engineering'}"
418,https://www.nsf.gov/pubs/2026/nsf26418/nsf26418.htm,"{'neuroscience', 'nuclear engineering'}"
419,https://www.nsf.gov/pubs/2026/nsf26419/nsf26419.htm,"{'applied mathematics', 'iot', 'nuclear engineering', 'robotics'}"
420,https://www.nsf.gov/pubs/2026/nsf26420/nsf26420.htm,"{'wireless communication', 'natural language processing', 'climate change', 'cognitive science', 'thermodynamics', 'neuroscience', 'robotics'}"
421,https://www.nsf.gov/pubs/2026/nsf26421/nsf26421.htm,"{'graph theory', 'ecology', 'human computer interaction', 'psychology', 'chemical engineering', 'education', 'biophysics'}"
422,https://www.nsf.gov/pubs/2026/nsf26422/nsf26422.htm,"{'python', 'machine learning', 'nuclear engineering', 'fuel cells', 'genetics', 'education'}"
423,https://www.nsf.gov/pubs/2026/nsf26423/nsf26423.htm,"{'electrical engineering', 'economics', 'computer vision', 'project management'}"
424,https://www.nsf.gov/pubs/2026/nsf26424/nsf26424.htm,"{'psychology', 'robotics', 'cybersecurity', 'chemical engineering'}"
425,https://www.nsf.gov/pubs/2026/nsf26425/nsf26425.htm,"{'quantum computing', 'fluid dynamics', 'applied mathematics', 'biology', 'polymers', 'human computer interaction'}"
426,https://www.nsf.gov/pubs/2026/nsf26426/nsf26426.htm,"{'data science', 'software engineering', 'fuel cells', 'blockchain', 'civil engineering'}"
427,https://www.nsf.gov/pubs/2026/nsf26427/nsf26427.htm,"{'wireless communication', 'education', 'thermodynamics', 'cybersecurity', 'mathematics', 'renewable energy'}"
428,https://www.nsf.gov/pubs/2026/nsf26428/nsf26428.htm,"{'mechanics', 'electrical engineering', 'chemical engineering', 'cognitive science'}"
429,https://www.nsf.gov/pubs/2026/nsf26429/nsf26429.htm,"{'ecology', 'applied mathematics', 'deep learning'}"
430,https://www.nsf.gov/pubs/2026/nsf26430/nsf26430.htm,"{'quantum computing', 'wireless communication', 'software engineering', 'battery technology', 'nanotechnology', 'blockchain', 'psychology'}"
431,https://www.nsf.gov/pubs/2026/nsf26431/nsf26431.htm,"{'mechanics', 'bioinformatics', 'chemistry', 'biology', 'thermodynamics', 'structural health monitoring'}"
432,https://www.nsf.gov/pubs/2026/nsf26432/nsf26432.htm,"{'robotics', 'quantum computing', 'system security', 'polymers'}"
433,https://www.nsf.gov/pubs/2026/nsf26433/nsf26433.htm,"{'applied mathematics', 'thermodynamics', 'nuclear engineering'}"
434,https://www.nsf.gov/pubs/2026/nsf26434/nsf26434.htm,"{'engineering education', 'biology', 'mathematics', 'cognitive science'}"
435,https://www.nsf.gov/pubs/2026/nsf26435/nsf26435.htm,"{'business', 'quantum computing', 'genetics'}"
436,https://www.nsf.gov/pubs/2026/nsf26436/nsf26436.htm,"{'nanotechnology', 'high performance computing'}"
437,https://www.nsf.gov/pubs/2026/nsf26437/nsf26437.htm,"{'cloud computing', 'deep learning', 'cognitive science', 'engineering education', 'bioinformatics', 'fuel cells', 'cybersecurity', 'artificial intelligence'}"
438,https://www.nsf.gov/pubs/2026/nsf26438/nsf26438.htm,"{'material science', 'system security', 'climate change', 'machine learning', 'sustainability', 'ecology'}"
439,https://www.nsf.gov/pubs/2026/nsf26439/nsf26439.htm,"{'geotechnical engineering', 'nanotechnology'}"
440,https://www.nsf.gov/pubs/2026/nsf26440/nsf26440.htm,"{'applied mathematics', 'psychology', 'wireless communication', 'software engineering'}"
441,https://www.nsf.gov/pubs/2026/nsf26441/nsf26441.htm,"{'computer vision', 'climate change', 'thermodynamics', 'blockchain', 'biophysics'}"
442,https://www.nsf.gov/pubs/2026/nsf26442/nsf26442.htm,"{'nuclear engineering', 'supply chain'}"
443,https://www.nsf.gov/pubs/2026/nsf26443/nsf26443.htm,"{'solar energy', 'python', 'wireless communication', 'system security', 'battery technology', 'physics', 'chemistry', 'robotics'}"
444,https://www.nsf.gov/pubs/2026/nsf26444/nsf26444.htm,"{'business', 'psychology', 'quantum computing'}"
445,https://www.nsf.gov/pubs/2026/nsf26445/nsf26445.htm,"{'graph theory', 'structural health monitoring'}"
446,https://www.nsf.gov/pubs/2026/nsf26446/nsf26446.htm,"{'python', 'statistics', 'mechanics', 'bioinformatics', 'neuroscience', 'environmental science', 'polymers', 'psychology'}"
447,https://www.nsf.gov/pubs/2026/nsf26447/nsf26447.htm,"{'quantum computing', 'computer vision', 'curriculum development', 'neuroscience', 'cybersecurity', 'civil engineering'}"
448,https://www.nsf.gov/pubs/2026/nsf26448/nsf26448.htm,"{'statistics', 'deep learning', 'mechanics', 'logistics', 'supply chain', 'fuel cells', 'human computer interaction'}"
449,https://www.nsf.gov/pubs/2026/nsf26449/nsf26449.htm,"{'biology', 'environmental science', 'supply chain', 'blockchain', 'mathematics'}"
450,https://www.nsf.gov/pubs/2026/nsf26450/nsf26450.htm,"{'material science', 'business', 'high performance computing', 'climate change'}"
451,https://www.nsf.gov/pubs/2026/nsf26451/nsf26451.htm,"{'ceramics', 'deep learning', 'battery technology', 'machine learning', 'curriculum development', 'graph theory', 'mathematics', 'biophysics'}"
452,https://www.nsf.gov/pubs/2026/nsf26452/nsf26452.htm,"{'solar energy', 'material science', 'project management', 'applied mathematics', 'electrical engineering', 'polymers'}"
453,https://www.nsf.gov/pubs/2026/nsf26453/nsf26453.htm,"{'ecology', 'system security', 'natural language processing', 'genetics'}"
454,https://www.nsf.gov/pubs/2026/nsf26454/nsf26454.htm,"{'thermodynamics', 'psychology', 'system security'}"
455,https://www.nsf.gov/pubs/2026/nsf26455/nsf26455.htm,"{'battery technology', 'material science', 'curriculum development'}"
456,https://www.nsf.gov/pubs/2026/nsf26456/nsf26456.htm,"{'applied mathematics', 'blockchain'}"
457,https://www.nsf.gov/pubs/2026/nsf26457/nsf26457.htm,"{'statistics', 'wireless communication', 'system security', 'machine learning', 'nanotechnology', 'neuroscience', 'high performance computing', 'psychology'}"
458,https://www.nsf.gov/pubs/2026/nsf26458/nsf26458.htm,"{'deep learning', 'nanotechnology', 'logistics', 'supply chain', 'iot', 'chemical engineering'}"
459,https://www.nsf.gov/pubs/2026/nsf26459/nsf26459.htm,"{'pedagogy', 'electrical engineering', 'curriculum development', 'education'}"
460,https://www.nsf.gov/pubs/2026/nsf26460/nsf26460.htm,"{'structural health monitoring', 'curriculum development', 'natural language processing'}"
461,https://www.nsf.gov/pubs/2026/nsf26461/nsf26461.htm,"{'business', 'fluid dynamics', 'battery technology', 'climate change', 'graph theory', 'chemical engineering'}"
462,https://www.nsf.gov/pubs/2026/nsf26462/nsf26462.htm,"{'battery technology', 'thermodynamics', 'business'}"
463,https://www.nsf.gov/pubs/2026/nsf26463/nsf26463.htm,"{'system security', 'engineering education', 'curriculum development', 'embedded systems', 'environmental science'}"
464,https://www.nsf.gov/pubs/2026/nsf26464/nsf26464.htm,"{'cloud computing', 'biology', 'thermodynamics', 'natural language processing'}"
465,https://www.nsf.gov/pubs/2026/nsf26465/nsf26465.htm,"{'chemistry', 'battery technology', 'graph theory'}"
466,https://www.nsf.gov/pubs/2026/nsf26466/nsf26466.htm,"{'ceramics', 'business', 'wireless communication', 'cognitive science', 'mechanics', 'thermodynamics', 'robotics', 'iot'}"
467,https://www.nsf.gov/pubs/2026/nsf26467/nsf26467.htm,"{'chemical engineering', 'computer vision'}"
468,https://www.nsf.gov/pubs/2026/nsf26468/nsf26468.htm,"{'chemistry', 'structural health monitoring', 'logistics', 'business'}"
469,https://www.nsf.gov/pubs/2026/nsf26469/nsf26469.htm,"{'natural language processing', 'battery technology', 'supply chain', 'human computer interaction', 'biophysics'}"
470,https://www.nsf.gov/pubs/2026/nsf26470/nsf26470.htm,"{'solar energy', 'ceramics', 'system security', 'engineering education', 'sustainability', 'project management', 'artificial intelligence', 'iot'}"
471,https://www.nsf.gov/pubs/2026/nsf26471/nsf26471.htm,"{'battery technology', 'nanotechnology', 'quantum computing', 'cybersecurity'}"
472,https://www.nsf.gov/pubs/2026/nsf26472/nsf26472.htm,"{'data science', 'mechanics', 'physics', 'project management', 'environmental science', 'human computer interaction', 'iot', 'high performance computing'}"
473,https://www.nsf.gov/pubs/2026/nsf26473/nsf26473.htm,"{'embedded systems', 'robotics', 'iot', 'sustainability'}"
474,https://www.nsf.gov/pubs/2026/nsf26474/nsf26474.htm,"{'data science', 'quantum computing', 'nuclear engineering', 'physics', 'embedded systems'}"
475,https://www.nsf.gov/pubs/2026/nsf26475/nsf26475.htm,"{'curriculum development', 'polymers', 'ecology', 'psychology', 'civil engineering'}"
476,https://www.nsf.gov/pubs/2026/nsf26476/nsf26476.htm,"{'robotics', 'fluid dynamics'}"
477,https://www.nsf.gov/pubs/2026/nsf26477/nsf26477.htm,"{'cloud computing', 'software engineering', 'battery technology', 'bioinformatics', 'polymers'}"
478,https://www.nsf.gov/pubs/2026/nsf26478/nsf26478.htm,"{'chemistry', 'human computer interaction', 'curriculum development'}"
479,https://www.nsf.gov/pubs/2026/nsf26479/nsf26479.htm,"{'pedagogy', 'cloud computing', 'engineering education', 'civil engineering', 'artificial intelligence', 'biophysics'}"
480,https://www.nsf.gov/pubs/2026/nsf26480/nsf26480.htm,"{'python', 'sustainability', 'electrical engineering', 'supply chain', 'human computer interaction', 'artificial intelligence', 'civil engineering'}"
481,https://www.nsf.gov/pubs/2026/nsf26481/nsf26481.htm,"{'human computer interaction', 'statistics', 'high performance computing', 'economics'}"
482,https://www.nsf.gov/pubs/2026/nsf26482/nsf26482.htm,"{'nanotechnology', 'blockchain'}"
483,https://www.nsf.gov/pubs/2026/nsf26483/nsf26483.htm,"{'cloud computing', 'bioinformatics', 'material science', 'climate change'}"
484,https://www.nsf.gov/pubs/2026/nsf26484/nsf26484.htm,"{'solar energy', 'sustainability', 'thermodynamics', 'embedded systems', 'supply chain', 'polymers'}"
485,https://www.nsf.gov/pubs/2026/nsf26485/nsf26485.htm,"{'geotechnical engineering', 'nuclear engineering', 'civil engineering'}"
486,https://www.nsf.gov/pubs/2026/nsf26486/nsf26486.htm,"{'ceramics', 'applied mathematics', 'nanotechnology', 'psychology', 'high performance computing'}"
487,https://www.nsf.gov/pubs/2026/nsf26487/nsf26487.htm,"{'deep learning', 'renewable energy'}"
488,https://www.nsf.gov/pubs/2026/nsf26488/nsf26488.htm,"{'applied mathematics', 'cognitive science'}"
489,https://www.nsf.gov/pubs/2026/nsf26489/nsf26489.htm,"{'system security', 'deep learning', 'biology', 'embedded systems', 'environmental science', 'cybersecurity'}"
490,https://www.nsf.gov/pubs/2026/nsf26490/nsf26490.htm,"{'artificial intelligence', 'thermodynamics', 'fluid dynamics'}"
491,https://www.nsf.gov/pubs/2026/nsf26491/nsf26491.htm,"{'human computer interaction', 'logistics', 'curriculum development'}"
492,https://www.nsf.gov/pubs/2026/nsf26492/nsf26492.htm,"{'neuroscience', 'quantum computing', 'deep learning'}"
493,https://www.nsf.gov/pubs/2026/nsf26493/nsf26493.htm,"{'ecology', 'environmental science'}"
494,https://www.nsf.gov/pubs/2026/nsf26494/nsf26494.htm,"{'embedded systems', 'neuroscience', 'ecology', 'economics', 'biophysics'}"
495,https://www.nsf.gov/pubs/2026/nsf26495/nsf26495.htm,"{'solar energy', 'python', 'statistics', 'cybersecurity'}"
496,https://www.nsf.gov/pubs/2026/nsf26496/nsf26496.htm,"{'cognitive science', 'machine learning', 'neuroscience', 'supply chain', 'artificial intelligence', 'iot', 'psychology'}"
497,https://www.nsf.gov/pubs/2026/nsf26497/nsf26497.htm,"{'cloud computing', 'engineering education', 'nuclear engineering', 'biology', 'neuroscience', 'environmental science', 'genetics', 'education'}"
498,https://www.nsf.gov/pubs/2026/nsf26498/nsf26498.htm,"{'material science', 'fluid dynamics', 'engineering education', 'climate change', 'renewable energy'}"
499,https://www.nsf.gov/pubs/2026/nsf26499/nsf26499.htm,"{'quantum computing', 'wireless communication', 'computer vision', 'fluid dynamics', 'mechanics', 'neuroscience', 'cybersecurity', 'artificial intelligence'}"
