Proposal Link,Identified Skills
https://www.nsf.gov/pubs/2021/nsf21598/nsf21598.htm,development; economic development; engineering; higher education; industry; material; professional development; science engineering
https://www.nsf.gov/pubs/2021/nsf21527/nsf21527.htm,chemical; engineering; environmental engineering; science engineering
https://www.nsf.gov/pubs/2020/nsf20609/nsf20609.htm,computer science; theoretical foundation
https://www.nsf.gov/pubs/2020/nsf20604/nsf20604.htm,ai; artificial intelligence; continued advancement; development; economic impact; industry; learning; machine learning; security
https://www.nsf.gov/pubs/2020/nsf20591/nsf20591.htm,communication; computer information; engineering; information science; project develop; science engineering
https://www.nsf.gov/pubs/2020/nsf20589/nsf20589.htm,biomaterials; control; design synthesis; development; discovery; engineering; fundamental understanding; industry; lead new; material; material unique; national science; novel design; physic; polymer; processing; property; science foundation; synthesis; synthesis characterization; united state
https://www.nsf.gov/pubs/2020/nsf20588/nsf20588.htm,chemistry; control; design synthesis; development; discovery; electronic photonic; engineering; fundamental understanding; industry; lead new; material; material unique; novel design; processing; property; solid state; synthesis; synthesis characterization; united state
https://www.nsf.gov/pubs/2020/nsf20586/nsf20586.htm,chemical; chemistry
https://www.nsf.gov/pubs/2020/nsf20584/nsf20584.htm,area; computer information; computer science; directorate engineering; engineering; experience new; industry; information science; material; national science; revolve around; science engineering; science foundation; science technology
https://www.nsf.gov/pubs/2020/nsf20582/nsf20582.htm,area; biomaterials; broad spectrum; chemistry; development; dynamic; electronic photonic; fundamental understanding; learning; machine learning; material; material soft; material state; material system; method used; modeling; molecular dynamic; national science; physic; polymer; polymeric material; property; science foundation; soft material; soft matter; solid state; statistical mechanic
https://www.nsf.gov/pubs/2020/nsf20577/nsf20577.htm,catalysis; chemical; chemistry; computational method; dynamic; imaging; synthesis
https://www.nsf.gov/pubs/2020/nsf20575/nsf20575.htm,biomedical; biomedical science; health; national institute; national science; science foundation; statistic; support interface
https://www.nsf.gov/pubs/2020/nsf20574/nsf20574.htm,chemical; communication
https://www.nsf.gov/pubs/2020/nsf20566/nsf20566.htm,ai; ai system; algorithm; artificial intelligence; decision support; ha long; health; learning; machine learning; security; support system
https://www.nsf.gov/pubs/2020/nsf20564/nsf20564.htm,synthesis
https://www.nsf.gov/pubs/2020/nsf20563/nsf20563.htm,artificial intelligence; automation; civil; energy; learning; machine learning; personalized medicine; range application; security
https://www.nsf.gov/pubs/2020/nsf20560/nsf20560.htm,biological process; chemical; energy; energy transport; engineering; experimental theoretical; including limited; modeling; science engineering; synthesis
https://www.nsf.gov/pubs/2020/nsf20557/nsf20557.htm,application including; communication; high speed; internet thing; system application; thing iot; wireless communication
https://www.nsf.gov/pubs/2020/nsf20553/nsf20553.htm,development; engineering; including engineering
https://www.nsf.gov/pubs/2020/nsf20552/nsf20552.htm,business; chemical; logistics; machine design; material; production
https://www.nsf.gov/pubs/2020/nsf20544/nsf20544.htm,computer information; engineering; information science; national science; science engineering; science foundation
https://www.nsf.gov/pubs/2020/nsf20541/nsf20541.htm,cell cell; cell type; chemical; control; develop strategy; dynamic; foundation nsf; fundamental understanding; national science; product; science foundation
https://www.nsf.gov/pubs/2020/nsf20540/nsf20540.htm,activity focused; area; artificial intelligence; computer information; deep learning; engineering; graduate student; information science; learning; national science; new york; principal investigator; science engineering; science foundation
https://www.nsf.gov/pubs/2020/nsf20539/nsf20539.htm,computer science; development; foundation nsf; material; national science; professional development; science foundation; teaching
https://www.nsf.gov/pubs/2020/nsf20522/nsf20522.htm,development; robotics; united state
https://www.nsf.gov/pubs/2020/nsf20517/nsf20517.htm,chemical; engineering; environmental engineering; science engineering
https://www.nsf.gov/pubs/2020/nsf20514/nsf20514.htm,area; area future; engineering; foundation nsf; national science; program director; science engineering; science foundation
https://www.nsf.gov/pubs/2020/nsf20513/nsf20513.htm,area; area future; engineering; foundation nsf; national science; program director; science engineering; science foundation
https://www.nsf.gov/pubs/2020/nsf20511/nsf20511.htm,area; artificial intelligence; big data; communication; control; cyber system; energy; engineering; fuel; information science; learning; machine learning; national science; science foundation; security; synthesis; system application
https://www.nsf.gov/pubs/2020/nsf20510/nsf20510.htm,chemical; civil; communication; cyber system; directorate engineering; division electrical; engineering; national science; review process; science foundation
https://www.nsf.gov/pubs/2020/nsf20505/nsf20505.htm,area; development; full professor; national science; professional development; retention; science foundation; track; year
https://www.nsf.gov/pubs/2020/nsf20503/nsf20503.htm,ai; artificial intelligence; continued advancement; development; economic impact; industry; learning; machine learning; security
https://www.nsf.gov/pubs/2020/nsf20501/nsf20501.htm,chemical; combustion; dynamic; engineering; fluid dynamic; foundation nsf; national science; science foundation; thermal transport; transport phenomenon; transport process
https://www.nsf.gov/pubs/2020/nsf20500/nsf20500.htm,chemical; civil; engineering; foundation nsf; mechanobiology; national science; science foundation; tissue engineering
https://www.nsf.gov/pubs/2019/nsf19614/nsf19614.htm,capstone design; engineering; engineering department; engineering education; engineering material; first year; learning; material; professional engineer; professional practice; year
https://www.nsf.gov/pubs/2019/nsf19613/nsf19613.htm,area; computer information; embedded system; engineering; information science; learning; machine learning; modeling; science engineering; synthesis; system application; year
https://www.nsf.gov/pubs/2019/nsf19599/nsf19599.htm,area; directorate engineering; engineering
https://www.nsf.gov/pubs/2019/nsf19596/nsf19596.htm,applied mathematics; engineering; material; material science; physic; plasma; property; science engineering
https://www.nsf.gov/pubs/2019/nsf19589/nsf19589.htm,communication; computer information; engineering; information science; project develop; science engineering
https://www.nsf.gov/pubs/2019/nsf19577/nsf19577.htm,catalysis; chemical; chemistry; computational method; dynamic; imaging; synthesis
https://www.nsf.gov/pubs/2019/nsf19575/nsf19575.htm,development; mm; statistic
https://www.nsf.gov/pubs/2019/nsf19572/nsf19572.htm,cyber system; engineering; problem involving; security
https://www.nsf.gov/pubs/2019/nsf19571/nsf19571.htm,ai; ai system; artificial intelligence; ha long; health; learning; machine learning; national science; science foundation; security
https://www.nsf.gov/pubs/2019/nsf19553/nsf19553.htm,artificial intelligence; civil; energy; personalized medicine; range application; security
https://www.nsf.gov/pubs/2019/nsf19536/nsf19536.htm,development; national science; robotics; science foundation; united state
https://www.nsf.gov/pubs/2019/nsf19532/nsf19532.htm,area; area future; engineering; foundation nsf; national science; program director; science engineering; science foundation
https://www.nsf.gov/pubs/2019/nsf19529/nsf19529.htm,computer information; directorate engineering; energy; engineering; information science; national science; science engineering; science foundation; security; service
https://www.nsf.gov/pubs/2019/nsf19528/nsf19528.htm,chemical; dynamic
https://www.nsf.gov/pubs/2019/nsf19525/nsf19525.htm,chemical; combustion; dynamic; engineering; fluid dynamic; foundation nsf; national science; science foundation; thermal transport; transport phenomenon; transport process
https://www.nsf.gov/pubs/2019/nsf19520/nsf19520.htm,development; mm; national science; production; science foundation; statistic
https://www.nsf.gov/pubs/2019/nsf19516/nsf19516.htm,advanced material; coordination activity; development; discovery; engineering; material; material science; national science; property; science engineering; science foundation; system design
https://www.nsf.gov/pubs/2019/nsf19511/nsf19511.htm,area; area future; engineering; foundation nsf; national science; program director; science engineering; science foundation
https://www.nsf.gov/pubs/2019/nsf19509/nsf19509.htm,chemical; civil; engineering; foundation nsf; mechanobiology; national science; science foundation; tissue engineering
https://www.nsf.gov/pubs/2019/nsf19505/nsf19505.htm,national science; science foundation; year
https://www.nsf.gov/pubs/2018/nsf18598/nsf18598.htm,big data; computer information; engineering; industry; information science; science engineering; united state
https://www.nsf.gov/pubs/2018/nsf18596/nsf18596.htm,area; computer information; engineering; information science; learning; machine learning; modeling; science engineering; synthesis; system application; year
https://www.nsf.gov/pubs/2018/nsf18595/nsf18595.htm,multidisciplinary approach
https://www.nsf.gov/pubs/2018/nsf18591/nsf18591.htm,computer science; theoretical foundation
https://www.nsf.gov/pubs/2018/nsf18585/nsf18585.htm,national science; science foundation
https://www.nsf.gov/pubs/2018/nsf18572/nsf18572.htm,cyber system; engineering; problem involving; security
https://www.nsf.gov/pubs/2018/nsf18571/nsf18571.htm,development; engineering; higher education; industry; material; professional development; science engineering
https://www.nsf.gov/pubs/2018/nsf18570/nsf18570.htm,intelligent system; project develop
https://www.nsf.gov/pubs/2018/nsf18569/nsf18569.htm,development; development novel
https://www.nsf.gov/pubs/2018/nsf18567/nsf18567.htm,area; computational data; development; discovery; engineering; engineering education; science engineering; security; service; translational
https://www.nsf.gov/pubs/2018/nsf18566/nsf18566.htm,biomedical; biomedical science; foundation nsf; health; national institute; national science; nih; science foundation; statistic; support interface
https://www.nsf.gov/pubs/2018/nsf18564/nsf18564.htm,broad range; physic
https://www.nsf.gov/pubs/2018/nsf18561/nsf18561.htm,catalysis; chemical; chemistry; computational method; dynamic; imaging; synthesis
https://www.nsf.gov/pubs/2018/nsf18557/nsf18557.htm,actuation; communication; perception; smart grid
https://www.nsf.gov/pubs/2018/nsf18556/nsf18556.htm,computer information; computer science; directorate engineering; engineering; engineering division; foundation nsf; graduate student; health; information science; material; national science; principal investigator; science engineering; science foundation; system directorate
https://www.nsf.gov/pubs/2018/nsf18541/nsf18541.htm,aging; area; biomedical; computer information; development; engineering; foundation nsf; health; information science; modeling; national institute; national science; nih; process modeling; public health; science engineering; science foundation; security
https://www.nsf.gov/pubs/2018/nsf18538/nsf18538.htm,artificial intelligence; civil; energy; national science; personalized medicine; range application; science foundation; security
https://www.nsf.gov/pubs/2018/nsf18537/nsf18537.htm,computer science; development; foundation nsf; material; national science; professional development; science foundation; teaching
https://www.nsf.gov/pubs/2018/nsf18536/nsf18536.htm,area; computer information; engineering; information science; learning; machine learning; modeling; science engineering; synthesis; system application; year
https://www.nsf.gov/pubs/2018/nsf18528/nsf18528.htm,computer information; engineering; information science; science engineering
https://www.nsf.gov/pubs/2018/nsf18525/nsf18525.htm,chemical
https://www.nsf.gov/pubs/2018/nsf18521/nsf18521.htm,chemical; dynamic; engineering; fluid dynamic; foundation nsf; national science; science foundation
https://www.nsf.gov/pubs/2018/nsf18518/nsf18518.htm,development; national science; robotics; science foundation; united state
https://www.nsf.gov/pubs/2018/nsf18517/nsf18517.htm,area; product
https://www.nsf.gov/pubs/2018/nsf18514/nsf18514.htm,chemical; engineering; foundation nsf; national science; science foundation; tissue engineering
https://www.nsf.gov/pubs/2018/nsf18502/nsf18502.htm,development; foundation nsf; higher education; industry; national science; program level; science foundation
https://www.nsf.gov/pubs/2018/nsf18501/nsf18501.htm,computer science; theoretical foundation
https://www.nsf.gov/pubs/2018/nsf18500/nsf18500.htm,area; biomaterials; broad spectrum; chemistry; development; dynamic; electronic photonic; fundamental understanding; learning; machine learning; material; material soft; material state; material system; method used; modeling; molecular dynamic; physic; polymer; polymeric material; property; soft material; soft matter; solid state; statistical mechanic
https://www.nsf.gov/pubs/2017/nsf17601/nsf17601.htm,computer information; directorate engineering; energy; engineering; information science; national science; science engineering; science foundation; security; service
https://www.nsf.gov/pubs/2017/nsf17600/nsf17600.htm,year
https://www.nsf.gov/pubs/2017/nsf17589/nsf17589.htm,general
https://www.nsf.gov/pubs/2017/nsf17580/nsf17580.htm,control; design synthesis; development; discovery; engineering; fundamental understanding; industry; lead new; material; material unique; novel design; processing; property; synthesis; synthesis characterization; united state
https://www.nsf.gov/pubs/2017/nsf17578/nsf17578.htm,area; directorate engineering; engineering
https://www.nsf.gov/pubs/2017/nsf17576/nsf17576.htm,cyber system; engineering; problem involving; security
https://www.nsf.gov/pubs/2017/nsf17575/nsf17575.htm,area; computer information; computer science; directorate engineering; engineering; experience new; graduate student; information science; revolve around; science engineering; science technology
https://www.nsf.gov/pubs/2017/nsf17572/nsf17572.htm,intelligent system; project develop
https://www.nsf.gov/pubs/2017/nsf17569/nsf17569.htm,biomedical; biomedical science; foundation nsf; health; national institute; national science; nih; science foundation; statistic; support interface
https://www.nsf.gov/pubs/2017/nsf17568/nsf17568.htm,development; engineering; industry; material; national science; professional development; science engineering; science foundation
https://www.nsf.gov/pubs/2017/nsf17554/nsf17554.htm,composition; experimental study; material; physic; property; theoretical experimental; wave propagation
https://www.nsf.gov/pubs/2017/nsf17553/nsf17553.htm,discovery; national science; science foundation; statistic; united state
https://www.nsf.gov/pubs/2017/nsf17548/nsf17548.htm,information processing; physic; processing; quantum computing
https://www.nsf.gov/pubs/2017/nsf17541/nsf17541.htm,computer science; engineering; including engineering; national science; science foundation; science technology; teaching; track
https://www.nsf.gov/pubs/2017/nsf17532/nsf17532.htm,area; creating new; engineering; engineering activity; science engineering
https://www.nsf.gov/pubs/2017/nsf17530/nsf17530.htm,energy
https://www.nsf.gov/pubs/2017/nsf17525/nsf17525.htm,computer science; development; foundation nsf; material; national science; professional development; science foundation; teaching
https://www.nsf.gov/pubs/2017/nsf17519/nsf17519.htm,area; broad spectrum; engineering; multidisciplinary approach; science engineering
https://www.nsf.gov/pubs/2017/nsf17518/nsf17518.htm,development; robotics; united state
https://www.nsf.gov/pubs/2017/nsf17517/nsf17517.htm,chemical; combustion; engineering; foundation nsf; national science; science foundation; thermal transport; transport process
https://www.nsf.gov/pubs/2017/nsf17504/nsf17504.htm,area; earth science
https://www.nsf.gov/pubs/2017/nsf17503/nsf17503.htm,development; foundation nsf; higher education; industry; national science; program level; science foundation
https://www.nsf.gov/pubs/2016/nsf16616/nsf16616.htm,computer information; directorate engineering; energy; engineering; information science; national science; science engineering; science foundation; security; service
https://www.nsf.gov/pubs/2016/nsf16613/nsf16613.htm,advanced material; coordination activity; development; discovery; engineering; material; material science; property; science engineering; system design
https://www.nsf.gov/pubs/2016/nsf16611/nsf16611.htm,area; development; earth science; efficient operation; national science; protocol development; science foundation
https://www.nsf.gov/pubs/2016/nsf16608/nsf16608.htm,actuation; communication
https://www.nsf.gov/pubs/2016/nsf16607/nsf16607.htm,computer science; theoretical foundation
https://www.nsf.gov/pubs/2016/nsf16605/nsf16605.htm,year
https://www.nsf.gov/pubs/2016/nsf16604/nsf16604.htm,area; foundation nsf; industry; industry future; nanotechnology; national science; science foundation; year
https://www.nsf.gov/pubs/2016/nsf16603/nsf16603.htm,algorithm; area; artificial intelligence; computational model; computer architecture; computer science; computing information; data analytics; design analysis; including limited; learning; machine learning; programming language
https://www.nsf.gov/pubs/2016/nsf16601/nsf16601.htm,area; clinical practice; decision support; development; foundation nsf; health; health care; learning; machine learning; modeling; national institute; national science; nih; process modeling; science foundation; support system
https://www.nsf.gov/pubs/2016/nsf16598/nsf16598.htm,composition; experimental study; material; physic; property; theoretical experimental; wave propagation
https://www.nsf.gov/pubs/2016/nsf16597/nsf16597.htm,composite; development; development new; discovery; fundamental understanding; material; mechanism associated; national science; nucleation; objective program; processing; property; science foundation; synthesis; thin film
https://www.nsf.gov/pubs/2016/nsf16596/nsf16596.htm,area; biomaterials; broad spectrum; chemistry; development; dynamic; electronic photonic; fundamental understanding; material; material soft; material state; modeling; molecular dynamic; physic; polymer; polymeric material; property; soft material; soft matter; solid state; statistical mechanic; well predictive
https://www.nsf.gov/pubs/2016/nsf16591/nsf16591.htm,composition; industry; service; test bed
https://www.nsf.gov/pubs/2016/nsf16581/nsf16581.htm,intelligent system; national science; project develop; science foundation
https://www.nsf.gov/pubs/2016/nsf16580/nsf16580.htm,cyber system; engineering; problem involving; security
https://www.nsf.gov/pubs/2016/nsf16573/nsf16573.htm,big data; biomedical
https://www.nsf.gov/pubs/2016/nsf16569/nsf16569.htm,development; experimental theoretical; instrumentation technique; theoretical framework
https://www.nsf.gov/pubs/2016/nsf16564/nsf16564.htm,applied mathematics; engineering; material; material science; physic; plasma; property; science engineering
https://www.nsf.gov/pubs/2016/nsf16559/nsf16559.htm,engineering; national science; science foundation; science technology; teaching; track
https://www.nsf.gov/pubs/2016/nsf16543/nsf16543.htm,biomedical; biomedical science; health; national institute; national science; science foundation; statistic; support interface
https://www.nsf.gov/pubs/2016/nsf16537/nsf16537.htm,computer information; engineering; information science; national science; science engineering; science foundation; service
https://www.nsf.gov/pubs/2016/nsf16535/nsf16535.htm,computing information
https://www.nsf.gov/pubs/2016/nsf16532/nsf16532.htm,development; discovery; engineering; national science; science engineering; science foundation
https://www.nsf.gov/pubs/2016/nsf16518/nsf16518.htm,chemical; dynamic; engineering; fluid dynamic; foundation nsf; national science; science foundation
https://www.nsf.gov/pubs/2016/nsf16517/nsf16517.htm,application area; area; department defense; department energy; development; doe; energy; foundation nsf; health; nasa; national institute; national science; nih; robotics; science foundation; united state
https://www.nsf.gov/pubs/2016/nsf16515/nsf16515.htm,algorithm; area; artificial intelligence; computational model; computer architecture; computer science; computing information; data analytics; design analysis; including limited; learning; machine learning; programming language
https://www.nsf.gov/pubs/2016/nsf16513/nsf16513.htm,area; characterization evaluation; engineering; environmental health; foundation nsf; health; health safety; industrially relevant; industry; industry future; low cost; manufacturing process; nanomaterials; national science; production; science foundation; year
https://www.nsf.gov/pubs/2015/nsf15610/nsf15610.htm,composition; industry; service; test bed
https://www.nsf.gov/pubs/2015/nsf15608/nsf15608.htm,advanced material; computational method; development; discovery; engineering; material; material science; property; science engineering; system design; visual analytics
https://www.nsf.gov/pubs/2015/nsf15601/nsf15601.htm,applied mathematics; engineering; material; material science; physic; plasma; property; science engineering
https://www.nsf.gov/pubs/2015/nsf15595/nsf15595.htm,computer science; theoretical foundation
https://www.nsf.gov/pubs/2015/nsf15591/nsf15591.htm,general
https://www.nsf.gov/pubs/2015/nsf15582/nsf15582.htm,continued advancement; development; national science; science foundation
https://www.nsf.gov/pubs/2015/nsf15574/nsf15574.htm,intelligent system; project develop
https://www.nsf.gov/pubs/2015/nsf15563/nsf15563.htm,area; creating new; engineering; engineering activity; science engineering
https://www.nsf.gov/pubs/2015/nsf15559/nsf15559.htm,biological process; broad spectrum; chemical; chemistry; material; modeling
https://www.nsf.gov/pubs/2015/nsf15558/nsf15558.htm,also interested; biological process; chemical; energy; energy transport; engineering; science engineering; synthesis
https://www.nsf.gov/pubs/2015/nsf15551/nsf15551.htm,engineering; foundation nsf; national science; science foundation; science technology
https://www.nsf.gov/pubs/2015/nsf15550/nsf15550.htm,computer information; engineering; information science; national science; science engineering; science foundation; service
https://www.nsf.gov/pubs/2015/nsf15539/nsf15539.htm,dynamic; engineering
https://www.nsf.gov/pubs/2015/nsf15536/nsf15536.htm,computer science; engineering
https://www.nsf.gov/pubs/2015/nsf15530/nsf15530.htm,computer science; engineering; science technology
https://www.nsf.gov/pubs/2015/nsf15524/nsf15524.htm,engineering; science engineering
https://www.nsf.gov/pubs/2015/nsf15522/nsf15522.htm,advanced material; developing new; discovery; engineering; material; material engineering
https://www.nsf.gov/pubs/2015/nsf15521/nsf15521.htm,engineering; foundation nsf; national science; science engineering; science foundation; science technology; statistic; united state
https://www.nsf.gov/pubs/2015/nsf15515/nsf15515.htm,algorithm; area; computational model; computer architecture; computer science; data analytics; design analysis; including limited; learning; machine learning; programming language
https://www.nsf.gov/pubs/2015/nsf15512/nsf15512.htm,area; computer information; information science; science computer
https://www.nsf.gov/pubs/2015/nsf15511/nsf15511.htm,general
https://www.nsf.gov/pubs/2015/nsf15507/nsf15507.htm,area; characterization evaluation; environmental health; foundation nsf; health; health safety; industrially relevant; industry; industry future; low cost; nanomaterials; nanotechnology; national science; production; science foundation; year
https://www.nsf.gov/pubs/2015/nsf15506/nsf15506.htm,broad spectrum; engineering; including medical; material; science technology
https://www.nsf.gov/pubs/2015/nsf15505/nsf15505.htm,development; foundation nsf; health; nasa; national institute; national science; nih; robotics; science foundation; united state
https://www.nsf.gov/pubs/2014/nsf14602/nsf14602.htm,dynamic; engineering
https://www.nsf.gov/pubs/2014/nsf14596/nsf14596.htm,intelligent system; project develop
https://www.nsf.gov/pubs/2014/nsf14591/nsf14591.htm,advanced material; computational method; development; discovery; engineering; material; material science; property; science engineering; system design; visual analytics
https://www.nsf.gov/pubs/2014/nsf14581/nsf14581.htm,advance understanding; involving multiple
https://www.nsf.gov/pubs/2014/nsf14577/nsf14577.htm,development; engineering; industry; professional development; science engineering
https://www.nsf.gov/pubs/2014/nsf14545/nsf14545.htm,chemistry; dynamic; modeling
https://www.nsf.gov/pubs/2014/nsf14544/nsf14544.htm,area; characterization evaluation; environmental health; foundation nsf; health; health safety; industrially relevant; industry; industry future; low cost; nanomaterials; nanotechnology; national science; production; science foundation; year
https://www.nsf.gov/pubs/2014/nsf14531/nsf14531.htm,engineering; science engineering
https://www.nsf.gov/pubs/2014/nsf14529/nsf14529.htm,computer information; engineering; information science; national science; science engineering; science foundation; service
https://www.nsf.gov/pubs/2014/nsf14521/nsf14521.htm,area; computational science; data driven; engineering; management; science computer; two year; year
https://www.nsf.gov/pubs/2014/nsf14519/nsf14519.htm,computing information
https://www.nsf.gov/pubs/2014/nsf14516/nsf14516.htm,xps
https://www.nsf.gov/pubs/2014/nsf14514/nsf14514.htm,perception
https://www.nsf.gov/pubs/2014/nsf14504/nsf14504.htm,computer science; theoretical foundation
https://www.nsf.gov/pubs/2013/nsf13599/nsf13599.htm,business; development; small business
https://www.nsf.gov/pubs/2013/nsf13596/nsf13596.htm,chemical; department energy; directorate engineering; doe; energy; engineering; engineering division; foundation nsf; national science; physic; plasma; science engineering; science foundation
https://www.nsf.gov/pubs/2013/nsf13587/nsf13587.htm,development; development human; industry; new technology; technology also
https://www.nsf.gov/pubs/2013/nsf13580/nsf13580.htm,computer graphic; four year; intelligent system; project develop; review process; year
https://www.nsf.gov/pubs/2013/nsf13574/nsf13574.htm,development; property
https://www.nsf.gov/pubs/2013/nsf13570/nsf13570.htm,biomedical; biomedical science; health; national institute; national science; science foundation; statistic; support interface
https://www.nsf.gov/pubs/2013/nsf13564/nsf13564.htm,directorate engineering; energy; engineering; foundation nsf; national science; science foundation
https://www.nsf.gov/pubs/2013/nsf13563/nsf13563.htm,computing information
https://www.nsf.gov/pubs/2013/nsf13561/nsf13561.htm,area; development; distribution technology; industry; production
https://www.nsf.gov/pubs/2013/nsf13558/nsf13558.htm,engineering; material; science engineering; support effort
https://www.nsf.gov/pubs/2013/nsf13545/nsf13545.htm,area; foundation nsf; national science; science foundation; year
https://www.nsf.gov/pubs/2013/nsf13543/nsf13543.htm,area; clinical practice; decision support; development; foundation nsf; health; learning; machine learning; modeling; national institute; national science; nih; process modeling; science foundation; support system
https://www.nsf.gov/pubs/2013/nsf13539/nsf13539.htm,computer information; engineering; information science; national science; science engineering; science foundation; service
https://www.nsf.gov/pubs/2013/nsf13538/nsf13538.htm,general
https://www.nsf.gov/pubs/2013/nsf13537/nsf13537.htm,brown jr; earthquake engineering; engineering; engineering simulation; foundation nsf; george brown; jr network; national science; network earthquake; science foundation
https://www.nsf.gov/pubs/2013/nsf13531/nsf13531.htm,energy; energy transport
https://www.nsf.gov/pubs/2013/nsf13510/nsf13510.htm,discovery
https://www.nsf.gov/pubs/2013/nsf13507/nsf13507.htm,high performance
https://www.nsf.gov/pubs/2013/nsf13502/nsf13502.htm,general
https://www.nsf.gov/pubs/2013/nsf13500/nsf13500.htm,engineering; science engineering
https://www.nsf.gov/pubs/2012/nsf12614/nsf12614.htm,social science
https://www.nsf.gov/pubs/2012/nsf12610/nsf12610.htm,advance understanding; engineering; science engineering
https://www.nsf.gov/pubs/2012/nsf12607/nsf12607.htm,application area; area; development; foundation nsf; health; nasa; national institute; national science; nih; robotics; science foundation; united state
https://www.nsf.gov/pubs/2012/nsf12598/nsf12598.htm,composition; experimental study; material; physic; property; theoretical experimental; wave propagation
https://www.nsf.gov/pubs/2012/nsf12597/nsf12597.htm,communication; development; engineering; science technology
https://www.nsf.gov/pubs/2012/nsf12593/nsf12593.htm,foundation nsf; material; national science; science foundation
https://www.nsf.gov/pubs/2012/nsf12583/nsf12583.htm,area; directorate engineering; engineering; national science; science foundation
https://www.nsf.gov/pubs/2012/nsf12580/nsf12580.htm,computer graphic; four year; intelligent system; project develop; project funded; review process; small medium; year
https://www.nsf.gov/pubs/2012/nsf12561/nsf12561.htm,biomedical; biomedical science; health; national institute; national science; science foundation; statistic; support interface
https://www.nsf.gov/pubs/2012/nsf12549/nsf12549.htm,computational method; computational science; data mining; development; discovery; engineering; information processing; processing; science engineering; statistic
https://www.nsf.gov/pubs/2012/nsf12547/nsf12547.htm,dynamic; dynamic system
https://www.nsf.gov/pubs/2012/nsf12546/nsf12546.htm,computer information; engineering; information science; national science; science engineering; science foundation; service
https://www.nsf.gov/pubs/2012/nsf12545/nsf12545.htm,engineering; foundation nsf; national science; science engineering; science foundation; science technology; statistic; united state
https://www.nsf.gov/pubs/2012/nsf12544/nsf12544.htm,area; foundation nsf; industry; industry future; nanotechnology; national science; science foundation; year
https://www.nsf.gov/pubs/2012/nsf12543/nsf12543.htm,business; business technology; engineering; small business; technology transfer
https://www.nsf.gov/pubs/2012/nsf12540/nsf12540.htm,area; computer information; information science; science computer
https://www.nsf.gov/pubs/2012/nsf12520/nsf12520.htm,chemical; civil; development; energy; engineering; engineering high; health; information technology; management; material; power grid; production; range application; renewable energy; science engineering; science technology; security; support system; system application; system engineering; traffic; wide range
https://www.nsf.gov/pubs/2012/nsf12512/nsf12512.htm,health; learning; machine learning; modeling; process modeling
https://www.nsf.gov/pubs/2012/nsf12510/nsf12510.htm,development; mm; statistic
https://www.nsf.gov/pubs/2012/nsf12503/nsf12503.htm,computer science
https://www.nsf.gov/pubs/2012/nsf12502/nsf12502.htm,algorithm; chemical; foundation nsf; national science; science foundation
https://www.nsf.gov/pubs/2012/nsf12499/nsf12499.htm,big data; data science; engineering; science engineering
https://www.nsf.gov/pubs/2011/nsf11584/nsf11584.htm,computer science; project develop; social science
https://www.nsf.gov/pubs/2011/nsf11576/nsf11576.htm,engineering; year
https://www.nsf.gov/pubs/2011/nsf11571/nsf11571.htm,area; directorate engineering; engineering; national science; science foundation
https://www.nsf.gov/pubs/2011/nsf11570/nsf11570.htm,area; cooperative center; national science; science foundation
https://www.nsf.gov/pubs/2011/nsf11566/nsf11566.htm,brown jr; civil; directorate engineering; discovery; earthquake engineering; engineering; engineering simulation; experimentation; foundation nsf; george brown; geotechnical; jr network; national science; network earthquake; science foundation
https://www.nsf.gov/pubs/2011/nsf11556/nsf11556.htm,intelligent system; project develop
https://www.nsf.gov/pubs/2011/nsf11553/nsf11553.htm,application area; area; development; foundation nsf; health; industry; nasa; national institute; national science; nih; robotics; science foundation; united state
https://www.nsf.gov/pubs/2011/nsf11552/nsf11552.htm,area; chemical; chemistry; energy; industry; product
https://www.nsf.gov/pubs/2011/nsf11545/nsf11545.htm,discovery
https://www.nsf.gov/pubs/2011/nsf11535/nsf11535.htm,composition; earth science; property
https://www.nsf.gov/pubs/2011/nsf11530/nsf11530.htm,national science; science foundation
https://www.nsf.gov/pubs/2011/nsf11523/nsf11523.htm,development; three year; year
https://www.nsf.gov/pubs/2011/nsf11516/nsf11516.htm,general
https://www.nsf.gov/pubs/2011/nsf11512/nsf11512.htm,brown jr; civil; earthquake engineering; engineering; engineering simulation; george brown; jr network; network earthquake
https://www.nsf.gov/pubs/2011/nsf11509/nsf11509.htm,computer information; computer science; directorate engineering; engineering; information science; science engineering
https://www.nsf.gov/pubs/2011/nsf11507/nsf11507.htm,engineering; engineering education
https://www.nsf.gov/pubs/2011/nsf11505/nsf11505.htm,computer science; theoretical foundation
https://www.nsf.gov/pubs/2011/nsf11502/nsf11502.htm,algorithm; discovery; engineering; engineering education; science engineering; wide range
https://www.nsf.gov/pubs/2010/nsf10618/nsf10618.htm,area; foundation nsf; industry; industry future; nanotechnology; national science; science foundation
https://www.nsf.gov/pubs/2010/nsf10614/nsf10614.htm,computer information; directorate engineering; engineering; foundation nsf; industry; information science; national science; science computer; science engineering; science foundation
https://www.nsf.gov/pubs/2010/nsf10613/nsf10613.htm,conversion; conversion storage; energy; solar energy
https://www.nsf.gov/pubs/2010/nsf10612/nsf10612.htm,dynamic
https://www.nsf.gov/pubs/2010/nsf10600/nsf10600.htm,general
https://www.nsf.gov/pubs/2010/nsf10591/nsf10591.htm,engineering; graduate student; science engineering
https://www.nsf.gov/pubs/2010/nsf10583/nsf10583.htm,computer science; game; science computer; social science
https://www.nsf.gov/pubs/2010/nsf10579/nsf10579.htm,biomedical; biomedical science; health; national institute; national science; science foundation; statistic; support interface
https://www.nsf.gov/pubs/2010/nsf10577/nsf10577.htm,area; dynamic; dynamic system; modeling; understanding interplay
https://www.nsf.gov/pubs/2010/nsf10572/nsf10572.htm,communication; four year; project develop; year
https://www.nsf.gov/pubs/2010/nsf10571/nsf10571.htm,computer graphic; four year; intelligent system; project develop; project funded; review process; small medium; year
https://www.nsf.gov/pubs/2010/nsf10567/nsf10567.htm,development
https://www.nsf.gov/pubs/2010/nsf10564/nsf10564.htm,computer information; computing information; engineering; information science; science engineering
https://www.nsf.gov/pubs/2010/nsf10563/nsf10563.htm,area; development
https://www.nsf.gov/pubs/2010/nsf10549/nsf10549.htm,department energy; directorate engineering; doe; energy; engineering; national science; science foundation; technology program
https://www.nsf.gov/pubs/2010/nsf10540/nsf10540.htm,algorithm; foundation nsf; national science; science foundation
https://www.nsf.gov/pubs/2010/nsf10533/nsf10533.htm,chemical; directorate engineering; engineering; engineering division; experience undergraduate; foundation nsf; graduate student; health; national science; science engineering; science foundation; united state
https://www.nsf.gov/pubs/2010/nsf10528/nsf10528.htm,computer information; design evaluate; engineering; information science; science engineering; theoretical experimental
https://www.nsf.gov/pubs/2010/nsf10526/nsf10526.htm,chemical; foundation nsf; material; national science; new technology; science foundation; security
https://www.nsf.gov/pubs/2010/nsf10525/nsf10525.htm,development; three year; year
https://www.nsf.gov/pubs/2010/nsf10515/nsf10515.htm,control; energy; search; traffic
https://www.nsf.gov/pubs/2010/nsf10506/nsf10506.htm,algorithm; area; development; discovery; engineering; engineering education; five year; four year; graduate student; industry; material; science engineering; social science; student several; thematic area; wide range; year
https://www.nsf.gov/pubs/2010/nsf10502/nsf10502.htm,engineering; engineering education; learning
https://www.nsf.gov/pubs/2009/nsf09610/nsf09610.htm,complex system; directorate engineering; engineering; foundation nsf; national science; science foundation
https://www.nsf.gov/pubs/2009/nsf09607/nsf09607.htm,business; engineering; graduate student; industry; science engineering; science technology
https://www.nsf.gov/pubs/2009/nsf09606/nsf09606.htm,directorate engineering; engineering; national science; science foundation
https://www.nsf.gov/pubs/2009/nsf09604/nsf09604.htm,area; chemical; chemistry; conversion; conversion storage; energy; material; material science; science area; solar energy
https://www.nsf.gov/pubs/2009/nsf09563/nsf09563.htm,perception
https://www.nsf.gov/pubs/2009/nsf09559/nsf09559.htm,algorithm; computer science; development; new technology; property; social science
https://www.nsf.gov/pubs/2009/nsf09557/nsf09557.htm,intelligent system; project develop
https://www.nsf.gov/pubs/2009/nsf09552/nsf09552.htm,broad spectrum; chemical; chemistry; development
https://www.nsf.gov/pubs/2009/nsf09549/nsf09549.htm,broad range; engineering; graduate program; graduate student; higher education; learning; science technology; teaching
https://www.nsf.gov/pubs/2009/nsf09542/nsf09542.htm,broad range
https://www.nsf.gov/pubs/2009/nsf09539/nsf09539.htm,composition; material; physic; property; wave propagation
https://www.nsf.gov/pubs/2009/nsf09538/nsf09538.htm,science focus; transport process
https://www.nsf.gov/pubs/2009/nsf09532/nsf09532.html,chemical; foundation nsf; material; national science; new technology; science foundation; security
https://www.nsf.gov/pubs/2009/nsf09524/nsf09524.htm,brown jr; civil; directorate engineering; discovery; earthquake engineering; engineering; engineering simulation; experimentation; foundation nsf; george brown; geotechnical; jr network; national science; network earthquake; science foundation
https://www.nsf.gov/pubs/2008/nsf08611/nsf08611.htm,control; energy; search; traffic
https://www.nsf.gov/pubs/2008/nsf08610/nsf08610.htm,communication; engineering; engineering education; learning; used develop; user interface
https://www.nsf.gov/pubs/2008/nsf08599/nsf08599.htm,area; directorate engineering; engineering; long term; national science; science foundation; specific area
https://www.nsf.gov/pubs/2008/nsf08598/nsf08598.htm,area; chemical; chemistry; conversion; conversion storage; energy; material; material science; solar energy
https://www.nsf.gov/pubs/2008/nsf08593/nsf08593.htm,engineering; national science; science foundation; science technology; three year; united state; year
https://www.nsf.gov/pubs/2008/nsf08586/nsf08586.htm,decision making; developing new; development; discovery; dynamic; engineering; engineering activity; foundation nsf; national science; particular focus; science engineering; science foundation; science technology
https://www.nsf.gov/pubs/2008/nsf08584/nsf08584.htm,embedded system; industry; physic
https://www.nsf.gov/pubs/2008/nsf08575/nsf08575.htm,intelligent system; project develop
https://www.nsf.gov/pubs/2008/nsf08574/nsf08574.htm,brown jr; civil; computational data; directorate engineering; discovery; earthquake engineering; engineering; engineering simulation; foundation nsf; george brown; geotechnical; jr network; management; national science; network earthquake; science foundation; service; united state
https://www.nsf.gov/pubs/2008/nsf08568/nsf08568.htm,computing information
https://www.nsf.gov/pubs/2008/nsf08566/nsf08566.htm,area; biomedical; biomedical application; development; development new; development novel; doe; fundamental aspect; system level
https://www.nsf.gov/pubs/2008/nsf08563/nsf08563.htm,development; national science; science foundation
https://www.nsf.gov/pubs/2008/nsf08561/nsf08561.htm,development; mm; statistic
https://www.nsf.gov/pubs/2008/nsf08560/nsf08560.htm,distributed computing; five year; year
https://www.nsf.gov/pubs/2008/nsf08553/nsf08553.htm,science technology
https://www.nsf.gov/pubs/2008/nsf08542/nsf08542.htm,assessment; business; engineering; engineering education; learning; retention; teaching
https://www.nsf.gov/pubs/2008/nsf08538/nsf08538.htm,computer system; control; dynamic; engineering; science engineering
https://www.nsf.gov/pubs/2008/nsf08534/nsf08534.htm,foundation nsf; material; national science; new technology; science foundation; security
https://www.nsf.gov/pubs/2008/nsf08524/nsf08524.htm,dynamic; understanding dynamic
https://www.nsf.gov/pubs/2008/nsf08521/nsf08521.htm,communication
https://www.nsf.gov/pubs/2008/nsf08520/nsf08520.htm,decision making; developing new; development; discovery; dynamic; engineering; engineering activity; foundation nsf; national science; particular focus; science engineering; science foundation; science technology
https://www.nsf.gov/pubs/2008/nsf08519/nsf08519.htm,brown jr; civil; development; directorate engineering; discovery; earthquake engineering; engineering; engineering simulation; experimentation; foundation nsf; george brown; geotechnical; jr network; national science; network earthquake; science foundation
https://www.nsf.gov/pubs/2008/nsf08517/nsf08517.htm,area; communication; engineering; information science; science engineering; science technology
https://www.nsf.gov/pubs/2008/nsf08514/nsf08514.htm,advance understanding; computer science; nih; theoretical foundation
https://www.nsf.gov/pubs/2008/nsf08513/nsf08513.htm,development
https://www.nsf.gov/pubs/2008/nsf08508/nsf08508.htm,area; development; dynamic; engineering; engineering education; science engineering; understanding dynamic
https://www.nsf.gov/pubs/2007/nsf07600/nsf07600.htm,composition; development; material; performance material; property; structure property
https://www.nsf.gov/pubs/2007/nsf07598/nsf07598.htm,dynamic
https://www.nsf.gov/pubs/2007/nsf07592/nsf07592.htm,computing information
https://www.nsf.gov/pubs/2007/nsf07590/nsf07590.htm,development; material; nanomaterials; nanotechnology; tissue understanding
https://www.nsf.gov/pubs/2007/nsf07579/nsf07579.htm,area; directorate engineering; engineering; long term; national science; prediction; science foundation; specific area
https://www.nsf.gov/pubs/2007/nsf07568/nsf07568.htm,area; biomedical; development; development novel; doe; software development; system level
https://www.nsf.gov/pubs/2007/nsf07565/nsf07565.htm,development; information science; ontology; product; software development
https://www.nsf.gov/pubs/2007/nsf07556/nsf07556.htm,dynamic; property; three year; year
https://www.nsf.gov/pubs/2007/nsf07547/nsf07547.htm,decision making; developing new; development; discovery; dynamic; engineering; foundation nsf; national science; science engineering; science foundation
https://www.nsf.gov/pubs/2007/nsf07545/nsf07545.htm,foundation nsf; material; national science; new technology; science foundation; security
https://www.nsf.gov/pubs/2007/nsf07543/nsf07543.htm,development; engineering; learning; material; science technology; support effort; teaching
https://www.nsf.gov/pubs/2007/nsf07541/nsf07541.htm,engineering; focus improving; graduate student; intellectual property; issue involving; particularly interested; property; science engineering; undergraduate graduate
https://www.nsf.gov/pubs/2007/nsf07535/nsf07535.htm,algorithm; development; information retrieval; national science; prediction; science foundation; team conduct
https://www.nsf.gov/pubs/2007/nsf07534/nsf07534.htm,area; computer science
https://www.nsf.gov/pubs/2007/nsf07529/nsf07529.htm,engineering; higher education; science technology; teaching
https://www.nsf.gov/pubs/2007/nsf07523/nsf07523.htm,area; computer information; engineering; information science; science engineering
https://www.nsf.gov/pubs/2007/nsf07517/nsf07517.htm,area; chemistry; communication; engineering; foundation nsf; national science; principal investigator; received nsf; science foundation
https://www.nsf.gov/pubs/2007/nsf07506/nsf07506.htm,brown jr; civil; earthquake engineering; engineering; engineering simulation; george brown; jr network; network earthquake
https://www.nsf.gov/pubs/2007/nsf07505/nsf07505.htm,design software
https://www.nsf.gov/pubs/2007/nsf07504/nsf07504.htm,computer system; control; dynamic; microprocessor; service
https://www.nsf.gov/pubs/2007/nsf07500/nsf07500.htm,general
https://www.nsf.gov/pubs/2006/nsf06610/nsf06610.htm,service
https://www.nsf.gov/pubs/2006/nsf06607/nsf06607.htm,area; health; national institute; statistic
https://www.nsf.gov/pubs/2006/nsf06602/nsf06602.htm,engineering; graduate student; health; japan; national institute; nih; science engineering
https://www.nsf.gov/pubs/2006/nsf06595/nsf06595.htm,area; engineering; engineering education; foundation nsf; national science; property; science engineering; science foundation; structure property
https://www.nsf.gov/pubs/2006/nsf06592/nsf06592.htm,engineering; national science; science foundation; science technology; three year; united state; year
https://www.nsf.gov/pubs/2006/nsf06588/nsf06588.htm,general
https://www.nsf.gov/pubs/2006/nsf06587/nsf06587.htm,dynamic
https://www.nsf.gov/pubs/2006/nsf06576/nsf06576.htm,earth science
https://www.nsf.gov/pubs/2006/nsf06572/nsf06572.htm,area; computing information; engineering; engineering education; intelligent system; project develop; science engineering
https://www.nsf.gov/pubs/2006/nsf06570/nsf06570.htm,development; development novel; system level
https://www.nsf.gov/pubs/2006/nsf06566/nsf06566.htm,aging; area; biomedical; biomedical engineering; current area; development; engineering; imaging; tissue engineering
https://www.nsf.gov/pubs/2006/nsf06563/nsf06563.htm,broad spectrum; chemical; chemistry; development
https://www.nsf.gov/pubs/2006/nsf06562/nsf06562.htm,composition; earth science; property
https://www.nsf.gov/pubs/2006/nsf06561/nsf06561.htm,chemistry; dynamic; modeling
https://www.nsf.gov/pubs/2006/nsf06559/nsf06559.htm,academic program; broad range; computational science; foundation nsf; national science; science foundation; statistic
https://www.nsf.gov/pubs/2006/nsf06557/nsf06557.htm,perception
https://www.nsf.gov/pubs/2006/nsf06546/nsf06546.htm,composition; material; physic; property; wave propagation
https://www.nsf.gov/pubs/2006/nsf06545/nsf06545.htm,area; biological process; chemical; particular attention; process requires; science focus; transport process; wide range
https://www.nsf.gov/pubs/2006/nsf06544/nsf06544.htm,broad range
https://www.nsf.gov/pubs/2006/nsf06536/nsf06536.htm,development; engineering; learning; material; science technology; support effort; teaching
https://www.nsf.gov/pubs/2006/nsf06535/nsf06535.htm,area; assessment; computer information; computer science; engineering; information technology; knowledge management; learning; management; modeling; natural language; science technology; technology learning
https://www.nsf.gov/pubs/2006/nsf06524/nsf06524.htm,engineering; focus improving; graduate student; science engineering; year
https://www.nsf.gov/pubs/2006/nsf06519/nsf06519.htm,united state; year
https://www.nsf.gov/pubs/2006/nsf06517/nsf06517.htm,general
https://www.nsf.gov/pubs/2006/nsf06516/nsf06516.htm,communication; manufacturing education
https://www.nsf.gov/pubs/2006/nsf06509/nsf06509.htm,area; development; dynamic; engineering; engineering education; science engineering; understanding dynamic
https://www.nsf.gov/pubs/2005/nsf05629/nsf05629.htm,computer system; microprocessor; service
https://www.nsf.gov/pubs/2005/nsf05628/nsf05628.htm,service
https://www.nsf.gov/pubs/2005/nsf05626/nsf05626.htm,area; computer information; engineering; information science; science engineering
https://www.nsf.gov/pubs/2005/nsf05620/nsf05620.htm,area; computer science; development; engineering; objective program; system design
https://www.nsf.gov/pubs/2005/nsf05617/nsf05617.htm,engineering; graduate student; health; japan; national institute; nih; science engineering
https://www.nsf.gov/pubs/2005/nsf05616/nsf05616.htm,experimental computational; foundation nsf; national laboratory; national science; science foundation
https://www.nsf.gov/pubs/2005/nsf05611/nsf05611.htm,bioinformatics; biomedical; biomedical imaging; foundation nsf; health; imaging; imaging bioengineering; institute biomedical; national institute; national science; nih; science foundation
https://www.nsf.gov/pubs/2005/nsf05610/nsf05610.htm,area; engineering; engineering education; foundation nsf; national science; science engineering; science foundation; science technology
https://www.nsf.gov/pubs/2005/nsf05607/nsf05607.htm,area; foundation award; national science; science foundation; scientific meeting
https://www.nsf.gov/pubs/2005/nsf05601/nsf05601.htm,engineering; national science; science foundation; science technology; three year; united state; year
https://www.nsf.gov/pubs/2005/nsf05588/nsf05588.htm,area; engineering; engineering technology; science engineering; science technology
https://www.nsf.gov/pubs/2005/nsf05577/nsf05577.htm,management
https://www.nsf.gov/pubs/2005/nsf05576/nsf05576.htm,cluster support; communication; foundation computing
https://www.nsf.gov/pubs/2005/nsf05570/nsf05570.htm,data driven; dynamic
https://www.nsf.gov/pubs/2005/nsf05561/nsf05561.htm,learning
https://www.nsf.gov/pubs/2005/nsf05554/nsf05554.htm,dynamic
https://www.nsf.gov/pubs/2005/nsf05551/nsf05551.htm,intelligent system
https://www.nsf.gov/pubs/2005/nsf05547/nsf05547.htm,directorate engineering; engineering; foundation nsf; national science; science foundation
https://www.nsf.gov/pubs/2005/nsf05536/nsf05536.htm,development
https://www.nsf.gov/pubs/2005/nsf05532/nsf05532.htm,engineering; science engineering
https://www.nsf.gov/pubs/2005/nsf05527/nsf05527.htm,brown jr; civil; earthquake engineering; engineering; engineering simulation; george brown; jr network; mechanical system; network earthquake; system directorate
https://www.nsf.gov/pubs/2005/nsf05526/nsf05526.htm,foundation nsf; national science; science foundation; sensor network
https://www.nsf.gov/pubs/2005/nsf05522/nsf05522.htm,composition; development; material; performance material; property; structure property
https://www.nsf.gov/pubs/2005/nsf05520/nsf05520.htm,area; dynamic
https://www.nsf.gov/pubs/2005/nsf05518/nsf05518.htm,general
https://www.nsf.gov/pubs/2005/nsf05517/nsf05517.htm,development; engineering; phd; program ha; science engineering
https://www.nsf.gov/pubs/2005/nsf05509/nsf05509.htm,learning
https://www.nsf.gov/pubs/2005/nsf05505/nsf05505.htm,communication
https://www.nsf.gov/pubs/2005/nsf05504/nsf05504.htm,industry
https://www.nsf.gov/pubs/2005/nsf05500/nsf05500.htm,theoretical foundation
https://www.nsf.gov/pubs/2004/nsf04615/nsf04615.htm,national science; science foundation
https://www.nsf.gov/pubs/2004/nsf04609/nsf04609.htm,computer system; microprocessor; service
https://www.nsf.gov/pubs/2004/nsf04600/nsf04600.htm,general
https://www.nsf.gov/pubs/2004/nsf04594/nsf04594.htm,engineering; foundation nsf; highest honor; national science; science foundation; science technology; teaching
https://www.nsf.gov/pubs/2004/nsf04589/nsf04589.htm,composition; earth science; property
https://www.nsf.gov/pubs/2004/nsf04581/nsf04581.htm,management; service
https://www.nsf.gov/pubs/2004/nsf04572/nsf04572.htm,area
https://www.nsf.gov/pubs/2004/nsf04570/nsf04570.htm,area; development; discovery; engineering; engineering community; fundamental understanding; industry; learning; processing; product; service
https://www.nsf.gov/pubs/2004/nsf04569/nsf04569.htm,general
https://www.nsf.gov/pubs/2004/nsf04552/nsf04552.htm,general
https://www.nsf.gov/pubs/2004/nsf04550/nsf04550.htm,program ha
https://www.nsf.gov/pubs/2004/nsf04541/nsf04541.htm,general
https://www.nsf.gov/pubs/2004/nsf04540/nsf04540.htm,communication
https://www.nsf.gov/pubs/2004/nsf04538/nsf04538.htm,area; engineering; modeling; modeling complex; nsf funding; science engineering; statistic
https://www.nsf.gov/pubs/2004/nsf04537/nsf04537.htm,area; dynamic
https://www.nsf.gov/pubs/2004/nsf04536/nsf04536.htm,general
https://www.nsf.gov/pubs/2004/nsf04535/nsf04535.htm,general
https://www.nsf.gov/pubs/2004/nsf04534/nsf04534.htm,area; chemistry; development; national science; science foundation
https://www.nsf.gov/pubs/2004/nsf04532/nsf04532.htm,analysis optimization; control; development; foundation nsf; modeling; national science; nsf funding; science foundation
https://www.nsf.gov/pubs/2004/nsf04531/nsf04531.htm,development; engineering; material; nsf funding; science engineering; science technology; social science
https://www.nsf.gov/pubs/2004/nsf04530/nsf04530.htm,area; computational model; computer information; engineering; information science; nsf funding; science engineering
https://www.nsf.gov/pubs/2004/nsf04524/nsf04524.htm,general
https://www.nsf.gov/pubs/2004/nsf04522/nsf04522.htm,foundation nsf; national science; science foundation; sensor network
https://www.nsf.gov/pubs/2004/nsf04520/nsf04520.htm,seek determine
https://www.nsf.gov/pubs/2004/nsf04516/nsf04516.htm,general
https://www.nsf.gov/pubs/2004/nsf04514/nsf04514.htm,advance understanding; approach needed; computational approach; modeling; theoretical foundation
https://www.nsf.gov/pubs/2004/nsf04512/nsf04512.htm,dynamic; earth science
https://www.nsf.gov/pubs/2004/nsf04503/nsf04503.htm,development; material
https://www.nsf.gov/pubs/2004/nsf04500/nsf04500.htm,information data; management
https://www.nsf.gov/pubs/2004/nsf04012/nsf04012.htm,information technology
https://www.nsf.gov/pubs/2003/nsf03613/nsf03613.htm,communication
https://www.nsf.gov/pubs/2003/nsf03612/nsf03612.htm,general
https://www.nsf.gov/pubs/2003/nsf03608/nsf03608.htm,graduate student
https://www.nsf.gov/pubs/2003/nsf03607/nsf03607.htm,directorate engineering; engineering
https://www.nsf.gov/pubs/2003/nsf03602/nsf03602.htm,computer vision; nsf funding
https://www.nsf.gov/pubs/2003/nsf03600/nsf03600.htm,artificial intelligence
https://www.nsf.gov/pubs/2003/nsf03597/nsf03597.htm,general
https://www.nsf.gov/pubs/2003/nsf03591/nsf03591.htm,foundation nsf; national science; science foundation; teaching
https://www.nsf.gov/pubs/2003/nsf03589/nsf03589.htm,brown jr; civil; earthquake engineering; engineering; engineering simulation; george brown; jr network; mechanical system; network earthquake
https://www.nsf.gov/pubs/2003/nsf03580/nsf03580.htm,national science; nsf funding; science foundation
https://www.nsf.gov/pubs/2003/nsf03575/nsf03575.htm,general
https://www.nsf.gov/pubs/2003/nsf03573/nsf03573.htm,industry; learning; nsf funding; year
https://www.nsf.gov/pubs/2003/nsf03567/nsf03567.htm,composition; earth science; nsf funding; property
https://www.nsf.gov/pubs/2003/nsf03565/nsf03565.htm,material; national science; science foundation
https://www.nsf.gov/pubs/2003/nsf03562/nsf03562.htm,directorate engineering; engineering; engineering education; engineering engineering; engineering technology; new curriculum; nsf funding
https://www.nsf.gov/pubs/2003/nsf03561/nsf03561.htm,bridge engineering; engineering; engineering education
https://www.nsf.gov/pubs/2003/nsf03560/nsf03560.htm,aging; area; biomedical; biomedical engineering; current area; development; engineering; imaging; nsf funding; tissue engineering
https://www.nsf.gov/pubs/2003/nsf03556/nsf03556.htm,communication; directorate engineering; engineering; national science
https://www.nsf.gov/pubs/2003/nsf03543/nsf03543.htm,united state
https://www.nsf.gov/pubs/2003/nsf03537/nsf03537.htm,communication; foundation nsf; national science; science foundation
https://www.nsf.gov/pubs/2003/nsf03527/nsf03527.htm,engineering; foundation nsf; national science; science foundation
https://www.nsf.gov/pubs/2003/nsf03526/nsf03526.htm,national science; science foundation
https://www.nsf.gov/pubs/2003/nsf03525/nsf03525.htm,engineering; engineering division; experience undergraduate; foundation nsf; graduate student; health; national science; nsf funding; science engineering; science foundation; united state
https://www.nsf.gov/pubs/2003/nsf03523/nsf03523.htm,general
https://www.nsf.gov/pubs/2003/nsf03519/nsf03519.html,area; engineering; engineering community; fabrication; nanotechnology; national science; nsf funding; science engineering; science foundation
https://www.nsf.gov/pubs/2003/nsf03518/nsf03518.html,infrastructure related; nsf funding
https://www.nsf.gov/pubs/2003/nsf03517/nsf03517.htm,development; engineering; nsf funding; process development; system important
https://www.nsf.gov/pubs/2003/nsf03514/nsf03514.htm,general
https://www.nsf.gov/pubs/2003/nsf03512/nsf03512.htm,area; area advanced; chemical; computer information; development; engineering; foundation nsf; high quality; information science; material; national science; nsf funding; science foundation; sensor network
https://www.nsf.gov/pubs/2003/nsf03511/nsf03511.htm,general
https://www.nsf.gov/pubs/2003/nsf03043/nsf03043.htm,engineering; foundation nsf; national science; science engineering; science foundation
https://www.nsf.gov/pubs/2002/nsf02189/nsf02189.htm,general
https://www.nsf.gov/pubs/2002/nsf02188/nsf02188.htm,general
http://www.nsf.gov/pubs/2007/nsf07577/nsf07577.htm,area; computing information; engineering; engineering education; intelligent system; project develop; science engineering
http://www.nsf.gov/pubs/2006/nsf06504/nsf06504.htm,brown jr; civil; directorate engineering; earthquake engineering; engineering; engineering simulation; experimentation; foundation nsf; george brown; geotechnical; inc; jr network; mechanical system; national science; nationally internationally; network earthquake; nsf funding; science foundation; use experimental
