,nsf_proposal_links_v1,skills
0,https://www.nsf.gov/pubs/2021/nsf21598/nsf21598.htm,"{'engineering', 'higher education', 'science engineering', 'economic development', 'professional development', 'material', 'industry', 'development'}"
1,https://www.nsf.gov/pubs/2021/nsf21527/nsf21527.htm,"{'engineering', 'science engineering', 'chemical', 'environmental engineering'}"
2,https://www.nsf.gov/pubs/2020/nsf20609/nsf20609.htm,"{'theoretical foundation', 'computer science'}"
3,https://www.nsf.gov/pubs/2020/nsf20604/nsf20604.htm,"{'economic impact', 'learning', 'security', 'artificial intelligence', 'continued advancement', 'machine learning', 'ai', 'industry', 'development'}"
4,https://www.nsf.gov/pubs/2020/nsf20591/nsf20591.htm,"{'engineering', 'project develop', 'computer information', 'science engineering', 'information science', 'communication'}"
5,https://www.nsf.gov/pubs/2020/nsf20589/nsf20589.htm,"{'engineering', 'control', 'science foundation', 'processing', 'novel design', 'biomaterials', 'discovery', 'material unique', 'physic', 'national science', 'design synthesis', 'united state', 'synthesis characterization', 'polymer', 'synthesis', 'material', 'property', 'industry', 'lead new', 'fundamental understanding', 'development'}"
6,https://www.nsf.gov/pubs/2020/nsf20588/nsf20588.htm,"{'engineering', 'control', 'processing', 'novel design', 'discovery', 'material unique', 'solid state', 'design synthesis', 'chemistry', 'united state', 'synthesis characterization', 'synthesis', 'material', 'property', 'industry', 'lead new', 'fundamental understanding', 'development', 'electronic photonic'}"
7,https://www.nsf.gov/pubs/2020/nsf20586/nsf20586.htm,"{'chemical', 'chemistry'}"
8,https://www.nsf.gov/pubs/2020/nsf20584/nsf20584.htm,"{'engineering', 'computer science', 'science engineering', 'information science', 'experience new', 'science foundation', 'area', 'national science', 'computer information', 'directorate engineering', 'revolve around', 'material', 'industry', 'science technology'}"
9,https://www.nsf.gov/pubs/2020/nsf20582/nsf20582.htm,"{'material state', 'broad spectrum', 'material', 'fundamental understanding', 'development', 'learning', 'modeling', 'material soft', 'molecular dynamic', 'material system', 'area', 'physic', 'national science', 'statistical mechanic', 'soft matter', 'soft material', 'solid state', 'chemistry', 'method used', 'dynamic', 'polymeric material', 'science foundation', 'biomaterials', 'machine learning', 'polymer', 'property', 'electronic photonic'}"
10,https://www.nsf.gov/pubs/2020/nsf20577/nsf20577.htm,"{'catalysis', 'imaging', 'chemical', 'chemistry', 'computational method', 'synthesis', 'dynamic'}"
11,https://www.nsf.gov/pubs/2020/nsf20575/nsf20575.htm,"{'biomedical', 'support interface', 'science foundation', 'health', 'biomedical science', 'national science', 'national institute', 'statistic'}"
12,https://www.nsf.gov/pubs/2020/nsf20574/nsf20574.htm,"{'communication', 'chemical'}"
13,https://www.nsf.gov/pubs/2020/nsf20566/nsf20566.htm,"{'support system', 'learning', 'security', 'algorithm', 'decision support', 'health', 'artificial intelligence', 'machine learning', 'ai', 'ha long', 'ai system'}"
14,https://www.nsf.gov/pubs/2020/nsf20564/nsf20564.htm,{'synthesis'}
15,https://www.nsf.gov/pubs/2020/nsf20563/nsf20563.htm,"{'range application', 'learning', 'security', 'energy', 'civil', 'artificial intelligence', 'personalized medicine', 'machine learning', 'automation'}"
16,https://www.nsf.gov/pubs/2020/nsf20560/nsf20560.htm,"{'engineering', 'energy transport', 'energy', 'modeling', 'science engineering', 'including limited', 'chemical', 'synthesis', 'biological process', 'experimental theoretical'}"
17,https://www.nsf.gov/pubs/2020/nsf20557/nsf20557.htm,"{'application including', 'internet thing', 'system application', 'thing iot', 'high speed', 'communication', 'wireless communication'}"
18,https://www.nsf.gov/pubs/2020/nsf20553/nsf20553.htm,"{'engineering', 'including engineering', 'development'}"
19,https://www.nsf.gov/pubs/2020/nsf20552/nsf20552.htm,"{'chemical', 'production', 'logistics', 'material', 'business', 'machine design'}"
20,https://www.nsf.gov/pubs/2020/nsf20544/nsf20544.htm,"{'engineering', 'science foundation', 'computer information', 'science engineering', 'information science', 'national science'}"
21,https://www.nsf.gov/pubs/2020/nsf20541/nsf20541.htm,"{'product', 'cell cell', 'control', 'science foundation', 'develop strategy', 'national science', 'chemical', 'dynamic', 'foundation nsf', 'cell type', 'fundamental understanding'}"
22,https://www.nsf.gov/pubs/2020/nsf20540/nsf20540.htm,"{'engineering', 'learning', 'science engineering', 'information science', 'science foundation', 'area', 'artificial intelligence', 'national science', 'principal investigator', 'computer information', 'graduate student', 'new york', 'deep learning', 'activity focused'}"
23,https://www.nsf.gov/pubs/2020/nsf20539/nsf20539.htm,"{'computer science', 'science foundation', 'professional development', 'national science', 'teaching', 'foundation nsf', 'material', 'development'}"
24,https://www.nsf.gov/pubs/2020/nsf20522/nsf20522.htm,"{'united state', 'robotics', 'development'}"
25,https://www.nsf.gov/pubs/2020/nsf20517/nsf20517.htm,"{'engineering', 'environmental engineering', 'science engineering', 'chemical'}"
26,https://www.nsf.gov/pubs/2020/nsf20514/nsf20514.htm,"{'engineering', 'science engineering', 'science foundation', 'area', 'national science', 'program director', 'foundation nsf', 'area future'}"
27,https://www.nsf.gov/pubs/2020/nsf20513/nsf20513.htm,"{'engineering', 'science engineering', 'science foundation', 'area', 'national science', 'program director', 'foundation nsf', 'area future'}"
28,https://www.nsf.gov/pubs/2020/nsf20511/nsf20511.htm,"{'engineering', 'learning', 'security', 'energy', 'information science', 'system application', 'control', 'science foundation', 'cyber system', 'area', 'artificial intelligence', 'national science', 'machine learning', 'communication', 'synthesis', 'big data', 'fuel'}"
29,https://www.nsf.gov/pubs/2020/nsf20510/nsf20510.htm,"{'engineering', 'division electrical', 'civil', 'science foundation', 'cyber system', 'national science', 'chemical', 'directorate engineering', 'review process', 'communication'}"
30,https://www.nsf.gov/pubs/2020/nsf20505/nsf20505.htm,"{'full professor', 'year', 'science foundation', 'area', 'professional development', 'retention', 'national science', 'track', 'development'}"
31,https://www.nsf.gov/pubs/2020/nsf20503/nsf20503.htm,"{'economic impact', 'learning', 'security', 'artificial intelligence', 'continued advancement', 'machine learning', 'ai', 'industry', 'development'}"
32,https://www.nsf.gov/pubs/2020/nsf20501/nsf20501.htm,"{'engineering', 'science foundation', 'fluid dynamic', 'national science', 'chemical', 'thermal transport', 'dynamic', 'foundation nsf', 'transport process', 'transport phenomenon', 'combustion'}"
33,https://www.nsf.gov/pubs/2020/nsf20500/nsf20500.htm,"{'engineering', 'civil', 'science foundation', 'national science', 'chemical', 'foundation nsf', 'tissue engineering', 'mechanobiology'}"
34,https://www.nsf.gov/pubs/2019/nsf19614/nsf19614.htm,"{'engineering', 'learning', 'professional engineer', 'first year', 'year', 'engineering education', 'professional practice', 'engineering material', 'material', 'engineering department', 'capstone design'}"
35,https://www.nsf.gov/pubs/2019/nsf19613/nsf19613.htm,"{'engineering', 'learning', 'modeling', 'science engineering', 'information science', 'system application', 'year', 'embedded system', 'area', 'machine learning', 'computer information', 'synthesis'}"
36,https://www.nsf.gov/pubs/2019/nsf19599/nsf19599.htm,"{'engineering', 'area', 'directorate engineering'}"
37,https://www.nsf.gov/pubs/2019/nsf19596/nsf19596.htm,"{'engineering', 'science engineering', 'material science', 'physic', 'plasma', 'material', 'property', 'applied mathematics'}"
38,https://www.nsf.gov/pubs/2019/nsf19589/nsf19589.htm,"{'engineering', 'project develop', 'computer information', 'science engineering', 'information science', 'communication'}"
39,https://www.nsf.gov/pubs/2019/nsf19577/nsf19577.htm,"{'catalysis', 'imaging', 'chemical', 'chemistry', 'computational method', 'synthesis', 'dynamic'}"
40,https://www.nsf.gov/pubs/2019/nsf19575/nsf19575.htm,"{'mm', 'statistic', 'development'}"
41,https://www.nsf.gov/pubs/2019/nsf19572/nsf19572.htm,"{'engineering', 'security', 'cyber system', 'problem involving'}"
42,https://www.nsf.gov/pubs/2019/nsf19571/nsf19571.htm,"{'learning', 'security', 'science foundation', 'health', 'artificial intelligence', 'national science', 'machine learning', 'ai', 'ha long', 'ai system'}"
43,https://www.nsf.gov/pubs/2019/nsf19553/nsf19553.htm,"{'range application', 'security', 'energy', 'civil', 'artificial intelligence', 'personalized medicine'}"
44,https://www.nsf.gov/pubs/2019/nsf19536/nsf19536.htm,"{'science foundation', 'national science', 'united state', 'robotics', 'development'}"
45,https://www.nsf.gov/pubs/2019/nsf19532/nsf19532.htm,"{'engineering', 'science engineering', 'science foundation', 'area', 'national science', 'program director', 'foundation nsf', 'area future'}"
46,https://www.nsf.gov/pubs/2019/nsf19529/nsf19529.htm,"{'engineering', 'security', 'energy', 'science engineering', 'information science', 'science foundation', 'service', 'national science', 'computer information', 'directorate engineering'}"
47,https://www.nsf.gov/pubs/2019/nsf19528/nsf19528.htm,"{'dynamic', 'chemical'}"
48,https://www.nsf.gov/pubs/2019/nsf19525/nsf19525.htm,"{'engineering', 'science foundation', 'fluid dynamic', 'national science', 'chemical', 'thermal transport', 'dynamic', 'foundation nsf', 'transport process', 'transport phenomenon', 'combustion'}"
49,https://www.nsf.gov/pubs/2019/nsf19520/nsf19520.htm,"{'science foundation', 'national science', 'production', 'statistic', 'mm', 'development'}"
50,https://www.nsf.gov/pubs/2019/nsf19516/nsf19516.htm,"{'engineering', 'advanced material', 'science engineering', 'science foundation', 'material science', 'discovery', 'system design', 'national science', 'coordination activity', 'material', 'property', 'development'}"
51,https://www.nsf.gov/pubs/2019/nsf19511/nsf19511.htm,"{'engineering', 'science engineering', 'science foundation', 'area', 'national science', 'program director', 'foundation nsf', 'area future'}"
52,https://www.nsf.gov/pubs/2019/nsf19509/nsf19509.htm,"{'engineering', 'civil', 'science foundation', 'national science', 'chemical', 'foundation nsf', 'tissue engineering', 'mechanobiology'}"
53,https://www.nsf.gov/pubs/2019/nsf19505/nsf19505.htm,"{'year', 'science foundation', 'national science'}"
54,https://www.nsf.gov/pubs/2018/nsf18598/nsf18598.htm,"{'engineering', 'science engineering', 'information science', 'united state', 'computer information', 'big data', 'industry'}"
55,https://www.nsf.gov/pubs/2018/nsf18596/nsf18596.htm,"{'engineering', 'learning', 'modeling', 'science engineering', 'information science', 'system application', 'year', 'area', 'machine learning', 'computer information', 'synthesis'}"
56,https://www.nsf.gov/pubs/2018/nsf18595/nsf18595.htm,{'multidisciplinary approach'}
57,https://www.nsf.gov/pubs/2018/nsf18591/nsf18591.htm,"{'theoretical foundation', 'computer science'}"
58,https://www.nsf.gov/pubs/2018/nsf18585/nsf18585.htm,"{'science foundation', 'national science'}"
59,https://www.nsf.gov/pubs/2018/nsf18572/nsf18572.htm,"{'engineering', 'security', 'cyber system', 'problem involving'}"
60,https://www.nsf.gov/pubs/2018/nsf18571/nsf18571.htm,"{'engineering', 'higher education', 'science engineering', 'professional development', 'material', 'industry', 'development'}"
61,https://www.nsf.gov/pubs/2018/nsf18570/nsf18570.htm,"{'project develop', 'intelligent system'}"
62,https://www.nsf.gov/pubs/2018/nsf18569/nsf18569.htm,"{'development novel', 'development'}"
63,https://www.nsf.gov/pubs/2018/nsf18567/nsf18567.htm,"{'engineering', 'computational data', 'security', 'science engineering', 'service', 'engineering education', 'area', 'discovery', 'translational', 'development'}"
64,https://www.nsf.gov/pubs/2018/nsf18566/nsf18566.htm,"{'biomedical', 'support interface', 'science foundation', 'nih', 'health', 'biomedical science', 'national science', 'national institute', 'statistic', 'foundation nsf'}"
65,https://www.nsf.gov/pubs/2018/nsf18564/nsf18564.htm,"{'physic', 'broad range'}"
66,https://www.nsf.gov/pubs/2018/nsf18561/nsf18561.htm,"{'catalysis', 'imaging', 'chemical', 'chemistry', 'computational method', 'synthesis', 'dynamic'}"
67,https://www.nsf.gov/pubs/2018/nsf18557/nsf18557.htm,"{'actuation', 'perception', 'smart grid', 'communication'}"
68,https://www.nsf.gov/pubs/2018/nsf18556/nsf18556.htm,"{'engineering', 'computer science', 'science engineering', 'information science', 'science foundation', 'health', 'principal investigator', 'national science', 'system directorate', 'computer information', 'directorate engineering', 'engineering division', 'foundation nsf', 'graduate student', 'material'}"
69,https://www.nsf.gov/pubs/2018/nsf18541/nsf18541.htm,"{'engineering', 'biomedical', 'security', 'process modeling', 'modeling', 'science engineering', 'information science', 'science foundation', 'nih', 'health', 'area', 'aging', 'national science', 'national institute', 'computer information', 'foundation nsf', 'development', 'public health'}"
70,https://www.nsf.gov/pubs/2018/nsf18538/nsf18538.htm,"{'range application', 'security', 'energy', 'civil', 'science foundation', 'artificial intelligence', 'national science', 'personalized medicine'}"
71,https://www.nsf.gov/pubs/2018/nsf18537/nsf18537.htm,"{'computer science', 'science foundation', 'professional development', 'national science', 'teaching', 'foundation nsf', 'material', 'development'}"
72,https://www.nsf.gov/pubs/2018/nsf18536/nsf18536.htm,"{'engineering', 'learning', 'modeling', 'science engineering', 'information science', 'system application', 'year', 'area', 'machine learning', 'computer information', 'synthesis'}"
73,https://www.nsf.gov/pubs/2018/nsf18528/nsf18528.htm,"{'engineering', 'computer information', 'science engineering', 'information science'}"
74,https://www.nsf.gov/pubs/2018/nsf18525/nsf18525.htm,{'chemical'}
75,https://www.nsf.gov/pubs/2018/nsf18521/nsf18521.htm,"{'engineering', 'fluid dynamic', 'science foundation', 'national science', 'chemical', 'dynamic', 'foundation nsf'}"
76,https://www.nsf.gov/pubs/2018/nsf18518/nsf18518.htm,"{'science foundation', 'national science', 'united state', 'robotics', 'development'}"
77,https://www.nsf.gov/pubs/2018/nsf18517/nsf18517.htm,"{'product', 'area'}"
78,https://www.nsf.gov/pubs/2018/nsf18514/nsf18514.htm,"{'engineering', 'science foundation', 'national science', 'chemical', 'foundation nsf', 'tissue engineering'}"
79,https://www.nsf.gov/pubs/2018/nsf18502/nsf18502.htm,"{'higher education', 'science foundation', 'national science', 'foundation nsf', 'program level', 'industry', 'development'}"
80,https://www.nsf.gov/pubs/2018/nsf18501/nsf18501.htm,"{'theoretical foundation', 'computer science'}"
81,https://www.nsf.gov/pubs/2018/nsf18500/nsf18500.htm,"{'material state', 'broad spectrum', 'material', 'fundamental understanding', 'development', 'learning', 'modeling', 'material soft', 'molecular dynamic', 'material system', 'area', 'physic', 'statistical mechanic', 'soft matter', 'soft material', 'solid state', 'chemistry', 'method used', 'dynamic', 'polymeric material', 'biomaterials', 'machine learning', 'polymer', 'property', 'electronic photonic'}"
82,https://www.nsf.gov/pubs/2017/nsf17601/nsf17601.htm,"{'engineering', 'security', 'energy', 'science engineering', 'information science', 'science foundation', 'service', 'national science', 'computer information', 'directorate engineering'}"
83,https://www.nsf.gov/pubs/2017/nsf17600/nsf17600.htm,{'year'}
84,https://www.nsf.gov/pubs/2017/nsf17589/nsf17589.htm,{'general'}
85,https://www.nsf.gov/pubs/2017/nsf17580/nsf17580.htm,"{'engineering', 'control', 'processing', 'novel design', 'discovery', 'material unique', 'design synthesis', 'united state', 'synthesis characterization', 'synthesis', 'material', 'property', 'industry', 'lead new', 'fundamental understanding', 'development'}"
86,https://www.nsf.gov/pubs/2017/nsf17578/nsf17578.htm,"{'engineering', 'area', 'directorate engineering'}"
87,https://www.nsf.gov/pubs/2017/nsf17576/nsf17576.htm,"{'engineering', 'security', 'cyber system', 'problem involving'}"
88,https://www.nsf.gov/pubs/2017/nsf17575/nsf17575.htm,"{'engineering', 'computer science', 'science engineering', 'information science', 'experience new', 'area', 'computer information', 'directorate engineering', 'revolve around', 'graduate student', 'science technology'}"
89,https://www.nsf.gov/pubs/2017/nsf17572/nsf17572.htm,"{'project develop', 'intelligent system'}"
90,https://www.nsf.gov/pubs/2017/nsf17569/nsf17569.htm,"{'biomedical', 'support interface', 'science foundation', 'nih', 'health', 'biomedical science', 'national science', 'national institute', 'statistic', 'foundation nsf'}"
91,https://www.nsf.gov/pubs/2017/nsf17568/nsf17568.htm,"{'engineering', 'science engineering', 'science foundation', 'professional development', 'national science', 'material', 'industry', 'development'}"
92,https://www.nsf.gov/pubs/2017/nsf17554/nsf17554.htm,"{'experimental study', 'physic', 'wave propagation', 'theoretical experimental', 'composition', 'material', 'property'}"
93,https://www.nsf.gov/pubs/2017/nsf17553/nsf17553.htm,"{'science foundation', 'discovery', 'national science', 'statistic', 'united state'}"
94,https://www.nsf.gov/pubs/2017/nsf17548/nsf17548.htm,"{'processing', 'quantum computing', 'physic', 'information processing'}"
95,https://www.nsf.gov/pubs/2017/nsf17541/nsf17541.htm,"{'engineering', 'computer science', 'science foundation', 'including engineering', 'national science', 'teaching', 'track', 'science technology'}"
96,https://www.nsf.gov/pubs/2017/nsf17532/nsf17532.htm,"{'engineering', 'engineering activity', 'science engineering', 'area', 'creating new'}"
97,https://www.nsf.gov/pubs/2017/nsf17530/nsf17530.htm,{'energy'}
98,https://www.nsf.gov/pubs/2017/nsf17525/nsf17525.htm,"{'computer science', 'science foundation', 'professional development', 'national science', 'teaching', 'foundation nsf', 'material', 'development'}"
99,https://www.nsf.gov/pubs/2017/nsf17519/nsf17519.htm,"{'engineering', 'science engineering', 'area', 'multidisciplinary approach', 'broad spectrum'}"
100,https://www.nsf.gov/pubs/2017/nsf17518/nsf17518.htm,"{'robotics', 'united state', 'development'}"
101,https://www.nsf.gov/pubs/2017/nsf17517/nsf17517.htm,"{'engineering', 'science foundation', 'national science', 'chemical', 'thermal transport', 'foundation nsf', 'transport process', 'combustion'}"
102,https://www.nsf.gov/pubs/2017/nsf17504/nsf17504.htm,"{'earth science', 'area'}"
103,https://www.nsf.gov/pubs/2017/nsf17503/nsf17503.htm,"{'higher education', 'science foundation', 'national science', 'foundation nsf', 'program level', 'industry', 'development'}"
104,https://www.nsf.gov/pubs/2016/nsf16616/nsf16616.htm,"{'engineering', 'security', 'energy', 'science engineering', 'information science', 'science foundation', 'service', 'national science', 'computer information', 'directorate engineering'}"
105,https://www.nsf.gov/pubs/2016/nsf16613/nsf16613.htm,"{'engineering', 'advanced material', 'science engineering', 'material science', 'discovery', 'system design', 'coordination activity', 'material', 'property', 'development'}"
106,https://www.nsf.gov/pubs/2016/nsf16611/nsf16611.htm,"{'protocol development', 'science foundation', 'area', 'national science', 'earth science', 'efficient operation', 'development'}"
107,https://www.nsf.gov/pubs/2016/nsf16608/nsf16608.htm,"{'actuation', 'communication'}"
108,https://www.nsf.gov/pubs/2016/nsf16607/nsf16607.htm,"{'theoretical foundation', 'computer science'}"
109,https://www.nsf.gov/pubs/2016/nsf16605/nsf16605.htm,{'year'}
110,https://www.nsf.gov/pubs/2016/nsf16604/nsf16604.htm,"{'year', 'foundation nsf', 'industry future', 'science foundation', 'area', 'industry', 'nanotechnology', 'national science'}"
111,https://www.nsf.gov/pubs/2016/nsf16603/nsf16603.htm,"{'learning', 'computer science', 'algorithm', 'programming language', 'including limited', 'area', 'artificial intelligence', 'design analysis', 'computing information', 'computer architecture', 'machine learning', 'data analytics', 'computational model'}"
112,https://www.nsf.gov/pubs/2016/nsf16601/nsf16601.htm,"{'support system', 'learning', 'process modeling', 'modeling', 'decision support', 'clinical practice', 'science foundation', 'nih', 'health care', 'health', 'area', 'national science', 'national institute', 'machine learning', 'foundation nsf', 'development'}"
113,https://www.nsf.gov/pubs/2016/nsf16598/nsf16598.htm,"{'experimental study', 'physic', 'wave propagation', 'theoretical experimental', 'composition', 'material', 'property'}"
114,https://www.nsf.gov/pubs/2016/nsf16597/nsf16597.htm,"{'objective program', 'development new', 'composite', 'science foundation', 'processing', 'discovery', 'national science', 'nucleation', 'mechanism associated', 'synthesis', 'material', 'thin film', 'property', 'fundamental understanding', 'development'}"
115,https://www.nsf.gov/pubs/2016/nsf16596/nsf16596.htm,"{'material state', 'modeling', 'material soft', 'molecular dynamic', 'polymeric material', 'statistical mechanic', 'soft matter', 'area', 'biomaterials', 'physic', 'soft material', 'solid state', 'well predictive', 'chemistry', 'broad spectrum', 'polymer', 'dynamic', 'material', 'property', 'fundamental understanding', 'development', 'electronic photonic'}"
116,https://www.nsf.gov/pubs/2016/nsf16591/nsf16591.htm,"{'test bed', 'service', 'composition', 'industry'}"
117,https://www.nsf.gov/pubs/2016/nsf16581/nsf16581.htm,"{'project develop', 'science foundation', 'national science', 'intelligent system'}"
118,https://www.nsf.gov/pubs/2016/nsf16580/nsf16580.htm,"{'engineering', 'security', 'cyber system', 'problem involving'}"
119,https://www.nsf.gov/pubs/2016/nsf16573/nsf16573.htm,"{'biomedical', 'big data'}"
120,https://www.nsf.gov/pubs/2016/nsf16569/nsf16569.htm,"{'theoretical framework', 'instrumentation technique', 'development', 'experimental theoretical'}"
121,https://www.nsf.gov/pubs/2016/nsf16564/nsf16564.htm,"{'engineering', 'science engineering', 'material science', 'physic', 'plasma', 'material', 'property', 'applied mathematics'}"
122,https://www.nsf.gov/pubs/2016/nsf16559/nsf16559.htm,"{'engineering', 'science foundation', 'national science', 'teaching', 'track', 'science technology'}"
123,https://www.nsf.gov/pubs/2016/nsf16543/nsf16543.htm,"{'biomedical', 'support interface', 'science foundation', 'health', 'biomedical science', 'national science', 'national institute', 'statistic'}"
124,https://www.nsf.gov/pubs/2016/nsf16537/nsf16537.htm,"{'engineering', 'science engineering', 'information science', 'science foundation', 'service', 'national science', 'computer information'}"
125,https://www.nsf.gov/pubs/2016/nsf16535/nsf16535.htm,{'computing information'}
126,https://www.nsf.gov/pubs/2016/nsf16532/nsf16532.htm,"{'engineering', 'science engineering', 'science foundation', 'discovery', 'national science', 'development'}"
127,https://www.nsf.gov/pubs/2016/nsf16518/nsf16518.htm,"{'engineering', 'fluid dynamic', 'science foundation', 'national science', 'chemical', 'dynamic', 'foundation nsf'}"
128,https://www.nsf.gov/pubs/2016/nsf16517/nsf16517.htm,"{'department energy', 'energy', 'doe', 'science foundation', 'nih', 'health', 'area', 'department defense', 'national science', 'national institute', 'nasa', 'united state', 'foundation nsf', 'robotics', 'application area', 'development'}"
129,https://www.nsf.gov/pubs/2016/nsf16515/nsf16515.htm,"{'learning', 'computer science', 'algorithm', 'programming language', 'including limited', 'area', 'artificial intelligence', 'design analysis', 'computing information', 'computer architecture', 'machine learning', 'data analytics', 'computational model'}"
130,https://www.nsf.gov/pubs/2016/nsf16513/nsf16513.htm,"{'engineering', 'characterization evaluation', 'industrially relevant', 'year', 'science foundation', 'environmental health', 'health', 'area', 'low cost', 'national science', 'production', 'health safety', 'manufacturing process', 'foundation nsf', 'industry future', 'industry', 'nanomaterials'}"
131,https://www.nsf.gov/pubs/2015/nsf15610/nsf15610.htm,"{'test bed', 'service', 'composition', 'industry'}"
132,https://www.nsf.gov/pubs/2015/nsf15608/nsf15608.htm,"{'engineering', 'advanced material', 'science engineering', 'material science', 'discovery', 'system design', 'visual analytics', 'computational method', 'material', 'property', 'development'}"
133,https://www.nsf.gov/pubs/2015/nsf15601/nsf15601.htm,"{'engineering', 'science engineering', 'material science', 'physic', 'plasma', 'material', 'property', 'applied mathematics'}"
134,https://www.nsf.gov/pubs/2015/nsf15595/nsf15595.htm,"{'theoretical foundation', 'computer science'}"
135,https://www.nsf.gov/pubs/2015/nsf15591/nsf15591.htm,{'general'}
136,https://www.nsf.gov/pubs/2015/nsf15582/nsf15582.htm,"{'science foundation', 'national science', 'continued advancement', 'development'}"
137,https://www.nsf.gov/pubs/2015/nsf15574/nsf15574.htm,"{'project develop', 'intelligent system'}"
138,https://www.nsf.gov/pubs/2015/nsf15563/nsf15563.htm,"{'engineering', 'engineering activity', 'science engineering', 'area', 'creating new'}"
139,https://www.nsf.gov/pubs/2015/nsf15559/nsf15559.htm,"{'modeling', 'chemical', 'chemistry', 'broad spectrum', 'material', 'biological process'}"
140,https://www.nsf.gov/pubs/2015/nsf15558/nsf15558.htm,"{'engineering', 'energy transport', 'energy', 'science engineering', 'chemical', 'synthesis', 'also interested', 'biological process'}"
141,https://www.nsf.gov/pubs/2015/nsf15551/nsf15551.htm,"{'engineering', 'foundation nsf', 'science foundation', 'science technology', 'national science'}"
142,https://www.nsf.gov/pubs/2015/nsf15550/nsf15550.htm,"{'engineering', 'science engineering', 'information science', 'science foundation', 'service', 'national science', 'computer information'}"
143,https://www.nsf.gov/pubs/2015/nsf15539/nsf15539.htm,"{'engineering', 'dynamic'}"
144,https://www.nsf.gov/pubs/2015/nsf15536/nsf15536.htm,"{'computer science', 'engineering'}"
145,https://www.nsf.gov/pubs/2015/nsf15530/nsf15530.htm,"{'engineering', 'computer science', 'science technology'}"
146,https://www.nsf.gov/pubs/2015/nsf15524/nsf15524.htm,"{'engineering', 'science engineering'}"
147,https://www.nsf.gov/pubs/2015/nsf15522/nsf15522.htm,"{'engineering', 'advanced material', 'material engineering', 'discovery', 'developing new', 'material'}"
148,https://www.nsf.gov/pubs/2015/nsf15521/nsf15521.htm,"{'engineering', 'foundation nsf', 'science foundation', 'statistic', 'united state', 'science engineering', 'science technology', 'national science'}"
149,https://www.nsf.gov/pubs/2015/nsf15515/nsf15515.htm,"{'learning', 'computer science', 'algorithm', 'programming language', 'including limited', 'area', 'design analysis', 'computer architecture', 'machine learning', 'data analytics', 'computational model'}"
150,https://www.nsf.gov/pubs/2015/nsf15512/nsf15512.htm,"{'science computer', 'area', 'computer information', 'information science'}"
151,https://www.nsf.gov/pubs/2015/nsf15511/nsf15511.htm,{'general'}
152,https://www.nsf.gov/pubs/2015/nsf15507/nsf15507.htm,"{'characterization evaluation', 'industrially relevant', 'year', 'science foundation', 'environmental health', 'health', 'area', 'low cost', 'nanotechnology', 'national science', 'production', 'health safety', 'foundation nsf', 'industry future', 'industry', 'nanomaterials'}"
153,https://www.nsf.gov/pubs/2015/nsf15506/nsf15506.htm,"{'engineering', 'including medical', 'broad spectrum', 'material', 'science technology'}"
154,https://www.nsf.gov/pubs/2015/nsf15505/nsf15505.htm,"{'science foundation', 'nih', 'health', 'national science', 'national institute', 'nasa', 'united state', 'foundation nsf', 'robotics', 'development'}"
155,https://www.nsf.gov/pubs/2014/nsf14602/nsf14602.htm,"{'engineering', 'dynamic'}"
156,https://www.nsf.gov/pubs/2014/nsf14596/nsf14596.htm,"{'project develop', 'intelligent system'}"
157,https://www.nsf.gov/pubs/2014/nsf14591/nsf14591.htm,"{'engineering', 'advanced material', 'science engineering', 'material science', 'discovery', 'system design', 'visual analytics', 'computational method', 'material', 'property', 'development'}"
158,https://www.nsf.gov/pubs/2014/nsf14581/nsf14581.htm,"{'advance understanding', 'involving multiple'}"
159,https://www.nsf.gov/pubs/2014/nsf14577/nsf14577.htm,"{'engineering', 'science engineering', 'professional development', 'industry', 'development'}"
160,https://www.nsf.gov/pubs/2014/nsf14545/nsf14545.htm,"{'modeling', 'chemistry', 'dynamic'}"
161,https://www.nsf.gov/pubs/2014/nsf14544/nsf14544.htm,"{'characterization evaluation', 'industrially relevant', 'year', 'science foundation', 'environmental health', 'health', 'area', 'low cost', 'nanotechnology', 'national science', 'production', 'health safety', 'foundation nsf', 'industry future', 'industry', 'nanomaterials'}"
162,https://www.nsf.gov/pubs/2014/nsf14531/nsf14531.htm,"{'engineering', 'science engineering'}"
163,https://www.nsf.gov/pubs/2014/nsf14529/nsf14529.htm,"{'engineering', 'science engineering', 'information science', 'science foundation', 'service', 'national science', 'computer information'}"
164,https://www.nsf.gov/pubs/2014/nsf14521/nsf14521.htm,"{'engineering', 'computational science', 'year', 'science computer', 'data driven', 'area', 'two year', 'management'}"
165,https://www.nsf.gov/pubs/2014/nsf14519/nsf14519.htm,{'computing information'}
166,https://www.nsf.gov/pubs/2014/nsf14516/nsf14516.htm,{'xps'}
167,https://www.nsf.gov/pubs/2014/nsf14514/nsf14514.htm,{'perception'}
168,https://www.nsf.gov/pubs/2014/nsf14504/nsf14504.htm,"{'theoretical foundation', 'computer science'}"
169,https://www.nsf.gov/pubs/2013/nsf13599/nsf13599.htm,"{'small business', 'business', 'development'}"
170,https://www.nsf.gov/pubs/2013/nsf13596/nsf13596.htm,"{'department energy', 'engineering', 'energy', 'science engineering', 'doe', 'science foundation', 'physic', 'national science', 'chemical', 'directorate engineering', 'engineering division', 'plasma', 'foundation nsf'}"
171,https://www.nsf.gov/pubs/2013/nsf13587/nsf13587.htm,"{'technology also', 'development human', 'new technology', 'industry', 'development'}"
172,https://www.nsf.gov/pubs/2013/nsf13580/nsf13580.htm,"{'computer graphic', 'intelligent system', 'year', 'project develop', 'review process', 'four year'}"
173,https://www.nsf.gov/pubs/2013/nsf13574/nsf13574.htm,"{'property', 'development'}"
174,https://www.nsf.gov/pubs/2013/nsf13570/nsf13570.htm,"{'biomedical', 'support interface', 'science foundation', 'health', 'biomedical science', 'national science', 'national institute', 'statistic'}"
175,https://www.nsf.gov/pubs/2013/nsf13564/nsf13564.htm,"{'engineering', 'foundation nsf', 'science foundation', 'energy', 'directorate engineering', 'national science'}"
176,https://www.nsf.gov/pubs/2013/nsf13563/nsf13563.htm,{'computing information'}
177,https://www.nsf.gov/pubs/2013/nsf13561/nsf13561.htm,"{'area', 'production', 'distribution technology', 'industry', 'development'}"
178,https://www.nsf.gov/pubs/2013/nsf13558/nsf13558.htm,"{'engineering', 'material', 'support effort', 'science engineering'}"
179,https://www.nsf.gov/pubs/2013/nsf13545/nsf13545.htm,"{'year', 'foundation nsf', 'science foundation', 'area', 'national science'}"
180,https://www.nsf.gov/pubs/2013/nsf13543/nsf13543.htm,"{'support system', 'learning', 'process modeling', 'modeling', 'decision support', 'clinical practice', 'science foundation', 'nih', 'health', 'area', 'national science', 'national institute', 'machine learning', 'foundation nsf', 'development'}"
181,https://www.nsf.gov/pubs/2013/nsf13539/nsf13539.htm,"{'engineering', 'science engineering', 'information science', 'science foundation', 'service', 'national science', 'computer information'}"
182,https://www.nsf.gov/pubs/2013/nsf13538/nsf13538.htm,{'general'}
183,https://www.nsf.gov/pubs/2013/nsf13537/nsf13537.htm,"{'engineering', 'foundation nsf', 'science foundation', 'brown jr', 'george brown', 'jr network', 'engineering simulation', 'network earthquake', 'earthquake engineering', 'national science'}"
184,https://www.nsf.gov/pubs/2013/nsf13531/nsf13531.htm,"{'energy transport', 'energy'}"
185,https://www.nsf.gov/pubs/2013/nsf13510/nsf13510.htm,{'discovery'}
186,https://www.nsf.gov/pubs/2013/nsf13507/nsf13507.htm,{'high performance'}
187,https://www.nsf.gov/pubs/2013/nsf13502/nsf13502.htm,{'general'}
188,https://www.nsf.gov/pubs/2013/nsf13500/nsf13500.htm,"{'engineering', 'science engineering'}"
189,https://www.nsf.gov/pubs/2012/nsf12614/nsf12614.htm,{'social science'}
190,https://www.nsf.gov/pubs/2012/nsf12610/nsf12610.htm,"{'engineering', 'advance understanding', 'science engineering'}"
191,https://www.nsf.gov/pubs/2012/nsf12607/nsf12607.htm,"{'science foundation', 'nih', 'health', 'area', 'national science', 'national institute', 'nasa', 'united state', 'foundation nsf', 'robotics', 'application area', 'development'}"
192,https://www.nsf.gov/pubs/2012/nsf12598/nsf12598.htm,"{'experimental study', 'physic', 'wave propagation', 'theoretical experimental', 'composition', 'material', 'property'}"
193,https://www.nsf.gov/pubs/2012/nsf12597/nsf12597.htm,"{'engineering', 'development', 'communication', 'science technology'}"
194,https://www.nsf.gov/pubs/2012/nsf12593/nsf12593.htm,"{'foundation nsf', 'material', 'science foundation', 'national science'}"
195,https://www.nsf.gov/pubs/2012/nsf12583/nsf12583.htm,"{'engineering', 'science foundation', 'area', 'directorate engineering', 'national science'}"
196,https://www.nsf.gov/pubs/2012/nsf12580/nsf12580.htm,"{'computer graphic', 'intelligent system', 'year', 'project develop', 'small medium', 'review process', 'project funded', 'four year'}"
197,https://www.nsf.gov/pubs/2012/nsf12561/nsf12561.htm,"{'biomedical', 'support interface', 'science foundation', 'health', 'biomedical science', 'national science', 'national institute', 'statistic'}"
198,https://www.nsf.gov/pubs/2012/nsf12549/nsf12549.htm,"{'engineering', 'data mining', 'science engineering', 'computational science', 'processing', 'discovery', 'information processing', 'statistic', 'computational method', 'development'}"
199,https://www.nsf.gov/pubs/2012/nsf12547/nsf12547.htm,"{'dynamic', 'dynamic system'}"
200,https://www.nsf.gov/pubs/2012/nsf12546/nsf12546.htm,"{'engineering', 'science engineering', 'information science', 'science foundation', 'service', 'national science', 'computer information'}"
201,https://www.nsf.gov/pubs/2012/nsf12545/nsf12545.htm,"{'engineering', 'foundation nsf', 'science foundation', 'statistic', 'united state', 'science engineering', 'science technology', 'national science'}"
202,https://www.nsf.gov/pubs/2012/nsf12544/nsf12544.htm,"{'year', 'foundation nsf', 'science foundation', 'area', 'industry', 'industry future', 'nanotechnology', 'national science'}"
203,https://www.nsf.gov/pubs/2012/nsf12543/nsf12543.htm,"{'technology transfer', 'engineering', 'small business', 'business', 'business technology'}"
204,https://www.nsf.gov/pubs/2012/nsf12540/nsf12540.htm,"{'science computer', 'area', 'computer information', 'information science'}"
205,https://www.nsf.gov/pubs/2012/nsf12520/nsf12520.htm,"{'support system', 'information technology', 'energy', 'science engineering', 'power grid', 'chemical', 'material', 'development', 'engineering', 'range application', 'renewable energy', 'security', 'health', 'production', 'system engineering', 'engineering high', 'system application', 'traffic', 'science technology', 'civil', 'management', 'wide range'}"
206,https://www.nsf.gov/pubs/2012/nsf12512/nsf12512.htm,"{'learning', 'process modeling', 'modeling', 'health', 'machine learning'}"
207,https://www.nsf.gov/pubs/2012/nsf12510/nsf12510.htm,"{'mm', 'statistic', 'development'}"
208,https://www.nsf.gov/pubs/2012/nsf12503/nsf12503.htm,{'computer science'}
209,https://www.nsf.gov/pubs/2012/nsf12502/nsf12502.htm,"{'foundation nsf', 'science foundation', 'algorithm', 'national science', 'chemical'}"
210,https://www.nsf.gov/pubs/2012/nsf12499/nsf12499.htm,"{'engineering', 'big data', 'science engineering', 'data science'}"
211,https://www.nsf.gov/pubs/2011/nsf11584/nsf11584.htm,"{'project develop', 'social science', 'computer science'}"
212,https://www.nsf.gov/pubs/2011/nsf11576/nsf11576.htm,"{'engineering', 'year'}"
213,https://www.nsf.gov/pubs/2011/nsf11571/nsf11571.htm,"{'engineering', 'science foundation', 'area', 'directorate engineering', 'national science'}"
214,https://www.nsf.gov/pubs/2011/nsf11570/nsf11570.htm,"{'science foundation', 'area', 'cooperative center', 'national science'}"
215,https://www.nsf.gov/pubs/2011/nsf11566/nsf11566.htm,"{'engineering', 'civil', 'experimentation', 'science foundation', 'brown jr', 'discovery', 'network earthquake', 'national science', 'jr network', 'directorate engineering', 'engineering simulation', 'earthquake engineering', 'foundation nsf', 'george brown', 'geotechnical'}"
216,https://www.nsf.gov/pubs/2011/nsf11556/nsf11556.htm,"{'project develop', 'intelligent system'}"
217,https://www.nsf.gov/pubs/2011/nsf11553/nsf11553.htm,"{'science foundation', 'nih', 'health', 'area', 'national science', 'national institute', 'nasa', 'united state', 'foundation nsf', 'robotics', 'application area', 'industry', 'development'}"
218,https://www.nsf.gov/pubs/2011/nsf11552/nsf11552.htm,"{'product', 'energy', 'area', 'chemical', 'chemistry', 'industry'}"
219,https://www.nsf.gov/pubs/2011/nsf11545/nsf11545.htm,{'discovery'}
220,https://www.nsf.gov/pubs/2011/nsf11535/nsf11535.htm,"{'earth science', 'composition', 'property'}"
221,https://www.nsf.gov/pubs/2011/nsf11530/nsf11530.htm,"{'science foundation', 'national science'}"
222,https://www.nsf.gov/pubs/2011/nsf11523/nsf11523.htm,"{'year', 'three year', 'development'}"
223,https://www.nsf.gov/pubs/2011/nsf11516/nsf11516.htm,{'general'}
224,https://www.nsf.gov/pubs/2011/nsf11512/nsf11512.htm,"{'engineering', 'brown jr', 'george brown', 'jr network', 'engineering simulation', 'civil', 'network earthquake', 'earthquake engineering'}"
225,https://www.nsf.gov/pubs/2011/nsf11509/nsf11509.htm,"{'engineering', 'computer science', 'computer information', 'directorate engineering', 'science engineering', 'information science'}"
226,https://www.nsf.gov/pubs/2011/nsf11507/nsf11507.htm,"{'engineering', 'engineering education'}"
227,https://www.nsf.gov/pubs/2011/nsf11505/nsf11505.htm,"{'theoretical foundation', 'computer science'}"
228,https://www.nsf.gov/pubs/2011/nsf11502/nsf11502.htm,"{'engineering', 'algorithm', 'science engineering', 'engineering education', 'discovery', 'wide range'}"
229,https://www.nsf.gov/pubs/2010/nsf10618/nsf10618.htm,"{'foundation nsf', 'industry future', 'science foundation', 'area', 'industry', 'nanotechnology', 'national science'}"
230,https://www.nsf.gov/pubs/2010/nsf10614/nsf10614.htm,"{'engineering', 'foundation nsf', 'science computer', 'science foundation', 'computer information', 'industry', 'directorate engineering', 'science engineering', 'information science', 'national science'}"
231,https://www.nsf.gov/pubs/2010/nsf10613/nsf10613.htm,"{'conversion storage', 'conversion', 'energy', 'solar energy'}"
232,https://www.nsf.gov/pubs/2010/nsf10612/nsf10612.htm,{'dynamic'}
233,https://www.nsf.gov/pubs/2010/nsf10600/nsf10600.htm,{'general'}
234,https://www.nsf.gov/pubs/2010/nsf10591/nsf10591.htm,"{'engineering', 'graduate student', 'science engineering'}"
235,https://www.nsf.gov/pubs/2010/nsf10583/nsf10583.htm,"{'computer science', 'science computer', 'social science', 'game'}"
236,https://www.nsf.gov/pubs/2010/nsf10579/nsf10579.htm,"{'biomedical', 'support interface', 'science foundation', 'health', 'biomedical science', 'national science', 'national institute', 'statistic'}"
237,https://www.nsf.gov/pubs/2010/nsf10577/nsf10577.htm,"{'modeling', 'area', 'understanding interplay', 'dynamic system', 'dynamic'}"
238,https://www.nsf.gov/pubs/2010/nsf10572/nsf10572.htm,"{'year', 'project develop', 'communication', 'four year'}"
239,https://www.nsf.gov/pubs/2010/nsf10571/nsf10571.htm,"{'computer graphic', 'intelligent system', 'year', 'project develop', 'small medium', 'review process', 'project funded', 'four year'}"
240,https://www.nsf.gov/pubs/2010/nsf10567/nsf10567.htm,{'development'}
241,https://www.nsf.gov/pubs/2010/nsf10564/nsf10564.htm,"{'engineering', 'science engineering', 'information science', 'computing information', 'computer information'}"
242,https://www.nsf.gov/pubs/2010/nsf10563/nsf10563.htm,"{'area', 'development'}"
243,https://www.nsf.gov/pubs/2010/nsf10549/nsf10549.htm,"{'department energy', 'engineering', 'energy', 'doe', 'science foundation', 'national science', 'technology program', 'directorate engineering'}"
244,https://www.nsf.gov/pubs/2010/nsf10540/nsf10540.htm,"{'foundation nsf', 'science foundation', 'algorithm', 'national science'}"
245,https://www.nsf.gov/pubs/2010/nsf10533/nsf10533.htm,"{'engineering', 'experience undergraduate', 'science engineering', 'science foundation', 'health', 'national science', 'chemical', 'united state', 'directorate engineering', 'engineering division', 'foundation nsf', 'graduate student'}"
246,https://www.nsf.gov/pubs/2010/nsf10528/nsf10528.htm,"{'engineering', 'science engineering', 'information science', 'theoretical experimental', 'computer information', 'design evaluate'}"
247,https://www.nsf.gov/pubs/2010/nsf10526/nsf10526.htm,"{'security', 'new technology', 'science foundation', 'national science', 'chemical', 'foundation nsf', 'material'}"
248,https://www.nsf.gov/pubs/2010/nsf10525/nsf10525.htm,"{'year', 'three year', 'development'}"
249,https://www.nsf.gov/pubs/2010/nsf10515/nsf10515.htm,"{'energy', 'control', 'search', 'traffic'}"
250,https://www.nsf.gov/pubs/2010/nsf10506/nsf10506.htm,"{'algorithm', 'science engineering', 'discovery', 'social science', 'material', 'industry', 'development', 'engineering', 'student several', 'engineering education', 'area', 'graduate student', 'four year', 'year', 'thematic area', 'five year', 'wide range'}"
251,https://www.nsf.gov/pubs/2010/nsf10502/nsf10502.htm,"{'engineering', 'learning', 'engineering education'}"
252,https://www.nsf.gov/pubs/2009/nsf09610/nsf09610.htm,"{'engineering', 'foundation nsf', 'science foundation', 'complex system', 'directorate engineering', 'national science'}"
253,https://www.nsf.gov/pubs/2009/nsf09607/nsf09607.htm,"{'engineering', 'science engineering', 'graduate student', 'business', 'industry', 'science technology'}"
254,https://www.nsf.gov/pubs/2009/nsf09606/nsf09606.htm,"{'engineering', 'directorate engineering', 'national science', 'science foundation'}"
255,https://www.nsf.gov/pubs/2009/nsf09604/nsf09604.htm,"{'energy', 'science area', 'area', 'material science', 'chemical', 'conversion', 'chemistry', 'conversion storage', 'material', 'solar energy'}"
256,https://www.nsf.gov/pubs/2009/nsf09563/nsf09563.htm,{'perception'}
257,https://www.nsf.gov/pubs/2009/nsf09559/nsf09559.htm,"{'computer science', 'algorithm', 'new technology', 'social science', 'property', 'development'}"
258,https://www.nsf.gov/pubs/2009/nsf09557/nsf09557.htm,"{'project develop', 'intelligent system'}"
259,https://www.nsf.gov/pubs/2009/nsf09552/nsf09552.htm,"{'chemical', 'chemistry', 'broad spectrum', 'development'}"
260,https://www.nsf.gov/pubs/2009/nsf09549/nsf09549.htm,"{'engineering', 'learning', 'higher education', 'broad range', 'teaching', 'graduate program', 'graduate student', 'science technology'}"
261,https://www.nsf.gov/pubs/2009/nsf09542/nsf09542.htm,{'broad range'}
262,https://www.nsf.gov/pubs/2009/nsf09539/nsf09539.htm,"{'physic', 'wave propagation', 'composition', 'material', 'property'}"
263,https://www.nsf.gov/pubs/2009/nsf09538/nsf09538.htm,"{'transport process', 'science focus'}"
264,https://www.nsf.gov/pubs/2009/nsf09532/nsf09532.html,"{'security', 'new technology', 'science foundation', 'national science', 'chemical', 'foundation nsf', 'material'}"
265,https://www.nsf.gov/pubs/2009/nsf09524/nsf09524.htm,"{'engineering', 'civil', 'experimentation', 'science foundation', 'brown jr', 'discovery', 'network earthquake', 'national science', 'jr network', 'directorate engineering', 'engineering simulation', 'earthquake engineering', 'foundation nsf', 'george brown', 'geotechnical'}"
266,https://www.nsf.gov/pubs/2008/nsf08611/nsf08611.htm,"{'energy', 'control', 'search', 'traffic'}"
267,https://www.nsf.gov/pubs/2008/nsf08610/nsf08610.htm,"{'engineering', 'learning', 'engineering education', 'user interface', 'used develop', 'communication'}"
268,https://www.nsf.gov/pubs/2008/nsf08599/nsf08599.htm,"{'engineering', 'long term', 'science foundation', 'area', 'specific area', 'national science', 'directorate engineering'}"
269,https://www.nsf.gov/pubs/2008/nsf08598/nsf08598.htm,"{'energy', 'area', 'material science', 'chemical', 'conversion', 'chemistry', 'conversion storage', 'material', 'solar energy'}"
270,https://www.nsf.gov/pubs/2008/nsf08593/nsf08593.htm,"{'engineering', 'year', 'science foundation', 'national science', 'united state', 'three year', 'science technology'}"
271,https://www.nsf.gov/pubs/2008/nsf08586/nsf08586.htm,"{'engineering', 'engineering activity', 'science engineering', 'science foundation', 'discovery', 'developing new', 'national science', 'decision making', 'particular focus', 'dynamic', 'foundation nsf', 'development', 'science technology'}"
272,https://www.nsf.gov/pubs/2008/nsf08584/nsf08584.htm,"{'embedded system', 'physic', 'industry'}"
273,https://www.nsf.gov/pubs/2008/nsf08575/nsf08575.htm,"{'project develop', 'intelligent system'}"
274,https://www.nsf.gov/pubs/2008/nsf08574/nsf08574.htm,"{'engineering', 'computational data', 'civil', 'science foundation', 'brown jr', 'service', 'discovery', 'network earthquake', 'national science', 'united state', 'jr network', 'directorate engineering', 'engineering simulation', 'earthquake engineering', 'foundation nsf', 'george brown', 'geotechnical', 'management'}"
275,https://www.nsf.gov/pubs/2008/nsf08568/nsf08568.htm,{'computing information'}
276,https://www.nsf.gov/pubs/2008/nsf08566/nsf08566.htm,"{'biomedical', 'development new', 'development novel', 'doe', 'area', 'system level', 'fundamental aspect', 'biomedical application', 'development'}"
277,https://www.nsf.gov/pubs/2008/nsf08563/nsf08563.htm,"{'science foundation', 'development', 'national science'}"
278,https://www.nsf.gov/pubs/2008/nsf08561/nsf08561.htm,"{'mm', 'statistic', 'development'}"
279,https://www.nsf.gov/pubs/2008/nsf08560/nsf08560.htm,"{'year', 'five year', 'distributed computing'}"
280,https://www.nsf.gov/pubs/2008/nsf08553/nsf08553.htm,{'science technology'}
281,https://www.nsf.gov/pubs/2008/nsf08542/nsf08542.htm,"{'engineering', 'learning', 'engineering education', 'retention', 'teaching', 'assessment', 'business'}"
282,https://www.nsf.gov/pubs/2008/nsf08538/nsf08538.htm,"{'engineering', 'science engineering', 'control', 'dynamic', 'computer system'}"
283,https://www.nsf.gov/pubs/2008/nsf08534/nsf08534.htm,"{'security', 'new technology', 'science foundation', 'national science', 'foundation nsf', 'material'}"
284,https://www.nsf.gov/pubs/2008/nsf08524/nsf08524.htm,"{'dynamic', 'understanding dynamic'}"
285,https://www.nsf.gov/pubs/2008/nsf08521/nsf08521.htm,{'communication'}
286,https://www.nsf.gov/pubs/2008/nsf08520/nsf08520.htm,"{'engineering', 'engineering activity', 'science engineering', 'science foundation', 'discovery', 'developing new', 'national science', 'decision making', 'particular focus', 'dynamic', 'foundation nsf', 'development', 'science technology'}"
287,https://www.nsf.gov/pubs/2008/nsf08519/nsf08519.htm,"{'engineering', 'civil', 'experimentation', 'science foundation', 'brown jr', 'discovery', 'network earthquake', 'national science', 'jr network', 'directorate engineering', 'engineering simulation', 'earthquake engineering', 'foundation nsf', 'george brown', 'geotechnical', 'development'}"
288,https://www.nsf.gov/pubs/2008/nsf08517/nsf08517.htm,"{'engineering', 'science engineering', 'information science', 'area', 'communication', 'science technology'}"
289,https://www.nsf.gov/pubs/2008/nsf08514/nsf08514.htm,"{'computer science', 'advance understanding', 'nih', 'theoretical foundation'}"
290,https://www.nsf.gov/pubs/2008/nsf08513/nsf08513.htm,{'development'}
291,https://www.nsf.gov/pubs/2008/nsf08508/nsf08508.htm,"{'engineering', 'understanding dynamic', 'science engineering', 'engineering education', 'area', 'dynamic', 'development'}"
292,https://www.nsf.gov/pubs/2007/nsf07600/nsf07600.htm,"{'material', 'property', 'composition', 'development', 'structure property', 'performance material'}"
293,https://www.nsf.gov/pubs/2007/nsf07598/nsf07598.htm,{'dynamic'}
294,https://www.nsf.gov/pubs/2007/nsf07592/nsf07592.htm,{'computing information'}
295,https://www.nsf.gov/pubs/2007/nsf07590/nsf07590.htm,"{'tissue understanding', 'nanotechnology', 'material', 'development', 'nanomaterials'}"
296,https://www.nsf.gov/pubs/2007/nsf07579/nsf07579.htm,"{'engineering', 'long term', 'science foundation', 'area', 'specific area', 'national science', 'directorate engineering', 'prediction'}"
297,https://www.nsf.gov/pubs/2007/nsf07568/nsf07568.htm,"{'biomedical', 'software development', 'development novel', 'doe', 'area', 'system level', 'development'}"
298,https://www.nsf.gov/pubs/2007/nsf07565/nsf07565.htm,"{'product', 'software development', 'information science', 'ontology', 'development'}"
299,https://www.nsf.gov/pubs/2007/nsf07556/nsf07556.htm,"{'year', 'three year', 'dynamic', 'property'}"
300,https://www.nsf.gov/pubs/2007/nsf07547/nsf07547.htm,"{'engineering', 'science engineering', 'science foundation', 'discovery', 'developing new', 'national science', 'decision making', 'dynamic', 'foundation nsf', 'development'}"
301,https://www.nsf.gov/pubs/2007/nsf07545/nsf07545.htm,"{'security', 'new technology', 'science foundation', 'national science', 'foundation nsf', 'material'}"
302,https://www.nsf.gov/pubs/2007/nsf07543/nsf07543.htm,"{'engineering', 'learning', 'teaching', 'material', 'support effort', 'development', 'science technology'}"
303,https://www.nsf.gov/pubs/2007/nsf07541/nsf07541.htm,"{'engineering', 'focus improving', 'science engineering', 'particularly interested', 'intellectual property', 'issue involving', 'undergraduate graduate', 'graduate student', 'property'}"
304,https://www.nsf.gov/pubs/2007/nsf07535/nsf07535.htm,"{'algorithm', 'science foundation', 'team conduct', 'national science', 'information retrieval', 'prediction', 'development'}"
305,https://www.nsf.gov/pubs/2007/nsf07534/nsf07534.htm,"{'computer science', 'area'}"
306,https://www.nsf.gov/pubs/2007/nsf07529/nsf07529.htm,"{'engineering', 'teaching', 'higher education', 'science technology'}"
307,https://www.nsf.gov/pubs/2007/nsf07523/nsf07523.htm,"{'engineering', 'science engineering', 'information science', 'area', 'computer information'}"
308,https://www.nsf.gov/pubs/2007/nsf07517/nsf07517.htm,"{'engineering', 'science foundation', 'area', 'principal investigator', 'national science', 'chemistry', 'communication', 'received nsf', 'foundation nsf'}"
309,https://www.nsf.gov/pubs/2007/nsf07506/nsf07506.htm,"{'engineering', 'brown jr', 'george brown', 'jr network', 'engineering simulation', 'civil', 'network earthquake', 'earthquake engineering'}"
310,https://www.nsf.gov/pubs/2007/nsf07505/nsf07505.htm,{'design software'}
311,https://www.nsf.gov/pubs/2007/nsf07504/nsf07504.htm,"{'control', 'service', 'dynamic', 'computer system', 'microprocessor'}"
312,https://www.nsf.gov/pubs/2007/nsf07500/nsf07500.htm,{'general'}
313,https://www.nsf.gov/pubs/2006/nsf06610/nsf06610.htm,{'service'}
314,https://www.nsf.gov/pubs/2006/nsf06607/nsf06607.htm,"{'health', 'area', 'national institute', 'statistic'}"
315,https://www.nsf.gov/pubs/2006/nsf06602/nsf06602.htm,"{'engineering', 'science engineering', 'nih', 'health', 'national institute', 'japan', 'graduate student'}"
316,https://www.nsf.gov/pubs/2006/nsf06595/nsf06595.htm,"{'engineering', 'foundation nsf', 'science foundation', 'property', 'engineering education', 'area', 'science engineering', 'structure property', 'national science'}"
317,https://www.nsf.gov/pubs/2006/nsf06592/nsf06592.htm,"{'engineering', 'year', 'science foundation', 'national science', 'united state', 'three year', 'science technology'}"
318,https://www.nsf.gov/pubs/2006/nsf06588/nsf06588.htm,{'general'}
319,https://www.nsf.gov/pubs/2006/nsf06587/nsf06587.htm,{'dynamic'}
320,https://www.nsf.gov/pubs/2006/nsf06576/nsf06576.htm,{'earth science'}
321,https://www.nsf.gov/pubs/2006/nsf06572/nsf06572.htm,"{'engineering', 'project develop', 'computing information', 'engineering education', 'area', 'science engineering', 'intelligent system'}"
322,https://www.nsf.gov/pubs/2006/nsf06570/nsf06570.htm,"{'system level', 'development novel', 'development'}"
323,https://www.nsf.gov/pubs/2006/nsf06566/nsf06566.htm,"{'engineering', 'biomedical', 'imaging', 'biomedical engineering', 'area', 'aging', 'tissue engineering', 'current area', 'development'}"
324,https://www.nsf.gov/pubs/2006/nsf06563/nsf06563.htm,"{'chemical', 'chemistry', 'broad spectrum', 'development'}"
325,https://www.nsf.gov/pubs/2006/nsf06562/nsf06562.htm,"{'earth science', 'composition', 'property'}"
326,https://www.nsf.gov/pubs/2006/nsf06561/nsf06561.htm,"{'modeling', 'chemistry', 'dynamic'}"
327,https://www.nsf.gov/pubs/2006/nsf06559/nsf06559.htm,"{'broad range', 'computational science', 'science foundation', 'national science', 'statistic', 'academic program', 'foundation nsf'}"
328,https://www.nsf.gov/pubs/2006/nsf06557/nsf06557.htm,{'perception'}
329,https://www.nsf.gov/pubs/2006/nsf06546/nsf06546.htm,"{'physic', 'wave propagation', 'composition', 'material', 'property'}"
330,https://www.nsf.gov/pubs/2006/nsf06545/nsf06545.htm,"{'particular attention', 'science focus', 'area', 'chemical', 'process requires', 'biological process', 'transport process', 'wide range'}"
331,https://www.nsf.gov/pubs/2006/nsf06544/nsf06544.htm,{'broad range'}
332,https://www.nsf.gov/pubs/2006/nsf06536/nsf06536.htm,"{'engineering', 'learning', 'teaching', 'material', 'support effort', 'development', 'science technology'}"
333,https://www.nsf.gov/pubs/2006/nsf06535/nsf06535.htm,"{'engineering', 'technology learning', 'learning', 'computer science', 'information technology', 'modeling', 'natural language', 'area', 'computer information', 'knowledge management', 'assessment', 'management', 'science technology'}"
334,https://www.nsf.gov/pubs/2006/nsf06524/nsf06524.htm,"{'engineering', 'year', 'graduate student', 'focus improving', 'science engineering'}"
335,https://www.nsf.gov/pubs/2006/nsf06519/nsf06519.htm,"{'year', 'united state'}"
336,https://www.nsf.gov/pubs/2006/nsf06517/nsf06517.htm,{'general'}
337,https://www.nsf.gov/pubs/2006/nsf06516/nsf06516.htm,"{'manufacturing education', 'communication'}"
338,https://www.nsf.gov/pubs/2006/nsf06509/nsf06509.htm,"{'engineering', 'understanding dynamic', 'science engineering', 'engineering education', 'area', 'dynamic', 'development'}"
339,https://www.nsf.gov/pubs/2005/nsf05629/nsf05629.htm,"{'service', 'computer system', 'microprocessor'}"
340,https://www.nsf.gov/pubs/2005/nsf05628/nsf05628.htm,{'service'}
341,https://www.nsf.gov/pubs/2005/nsf05626/nsf05626.htm,"{'engineering', 'science engineering', 'information science', 'area', 'computer information'}"
342,https://www.nsf.gov/pubs/2005/nsf05620/nsf05620.htm,"{'engineering', 'computer science', 'objective program', 'area', 'system design', 'development'}"
343,https://www.nsf.gov/pubs/2005/nsf05617/nsf05617.htm,"{'engineering', 'science engineering', 'nih', 'health', 'national institute', 'japan', 'graduate student'}"
344,https://www.nsf.gov/pubs/2005/nsf05616/nsf05616.htm,"{'experimental computational', 'foundation nsf', 'science foundation', 'national laboratory', 'national science'}"
345,https://www.nsf.gov/pubs/2005/nsf05611/nsf05611.htm,"{'biomedical', 'imaging', 'institute biomedical', 'science foundation', 'nih', 'imaging bioengineering', 'health', 'bioinformatics', 'biomedical imaging', 'national science', 'national institute', 'foundation nsf'}"
346,https://www.nsf.gov/pubs/2005/nsf05610/nsf05610.htm,"{'engineering', 'science engineering', 'science foundation', 'engineering education', 'area', 'national science', 'foundation nsf', 'science technology'}"
347,https://www.nsf.gov/pubs/2005/nsf05607/nsf05607.htm,"{'science foundation', 'area', 'scientific meeting', 'foundation award', 'national science'}"
348,https://www.nsf.gov/pubs/2005/nsf05601/nsf05601.htm,"{'engineering', 'year', 'science foundation', 'national science', 'united state', 'three year', 'science technology'}"
349,https://www.nsf.gov/pubs/2005/nsf05588/nsf05588.htm,"{'engineering technology', 'engineering', 'science engineering', 'area', 'science technology'}"
350,https://www.nsf.gov/pubs/2005/nsf05577/nsf05577.htm,{'management'}
351,https://www.nsf.gov/pubs/2005/nsf05576/nsf05576.htm,"{'foundation computing', 'cluster support', 'communication'}"
352,https://www.nsf.gov/pubs/2005/nsf05570/nsf05570.htm,"{'dynamic', 'data driven'}"
353,https://www.nsf.gov/pubs/2005/nsf05561/nsf05561.htm,{'learning'}
354,https://www.nsf.gov/pubs/2005/nsf05554/nsf05554.htm,{'dynamic'}
355,https://www.nsf.gov/pubs/2005/nsf05551/nsf05551.htm,{'intelligent system'}
356,https://www.nsf.gov/pubs/2005/nsf05547/nsf05547.htm,"{'engineering', 'foundation nsf', 'science foundation', 'directorate engineering', 'national science'}"
357,https://www.nsf.gov/pubs/2005/nsf05536/nsf05536.htm,{'development'}
358,https://www.nsf.gov/pubs/2005/nsf05532/nsf05532.htm,"{'engineering', 'science engineering'}"
359,https://www.nsf.gov/pubs/2005/nsf05527/nsf05527.htm,"{'engineering', 'brown jr', 'mechanical system', 'system directorate', 'george brown', 'jr network', 'engineering simulation', 'civil', 'network earthquake', 'earthquake engineering'}"
360,https://www.nsf.gov/pubs/2005/nsf05526/nsf05526.htm,"{'sensor network', 'foundation nsf', 'national science', 'science foundation'}"
361,https://www.nsf.gov/pubs/2005/nsf05522/nsf05522.htm,"{'material', 'property', 'composition', 'development', 'structure property', 'performance material'}"
362,https://www.nsf.gov/pubs/2005/nsf05520/nsf05520.htm,"{'dynamic', 'area'}"
363,https://www.nsf.gov/pubs/2005/nsf05518/nsf05518.htm,{'general'}
364,https://www.nsf.gov/pubs/2005/nsf05517/nsf05517.htm,"{'engineering', 'science engineering', 'phd', 'program ha', 'development'}"
365,https://www.nsf.gov/pubs/2005/nsf05509/nsf05509.htm,{'learning'}
366,https://www.nsf.gov/pubs/2005/nsf05505/nsf05505.htm,{'communication'}
367,https://www.nsf.gov/pubs/2005/nsf05504/nsf05504.htm,{'industry'}
368,https://www.nsf.gov/pubs/2005/nsf05500/nsf05500.htm,{'theoretical foundation'}
369,https://www.nsf.gov/pubs/2004/nsf04615/nsf04615.htm,"{'national science', 'science foundation'}"
370,https://www.nsf.gov/pubs/2004/nsf04609/nsf04609.htm,"{'service', 'computer system', 'microprocessor'}"
371,https://www.nsf.gov/pubs/2004/nsf04600/nsf04600.htm,{'general'}
372,https://www.nsf.gov/pubs/2004/nsf04594/nsf04594.htm,"{'engineering', 'highest honor', 'science foundation', 'national science', 'teaching', 'foundation nsf', 'science technology'}"
373,https://www.nsf.gov/pubs/2004/nsf04589/nsf04589.htm,"{'earth science', 'composition', 'property'}"
374,https://www.nsf.gov/pubs/2004/nsf04581/nsf04581.htm,"{'service', 'management'}"
375,https://www.nsf.gov/pubs/2004/nsf04572/nsf04572.htm,{'area'}
376,https://www.nsf.gov/pubs/2004/nsf04570/nsf04570.htm,"{'product', 'engineering', 'learning', 'service', 'processing', 'area', 'discovery', 'engineering community', 'industry', 'fundamental understanding', 'development'}"
377,https://www.nsf.gov/pubs/2004/nsf04569/nsf04569.htm,{'general'}
378,https://www.nsf.gov/pubs/2004/nsf04552/nsf04552.htm,{'general'}
379,https://www.nsf.gov/pubs/2004/nsf04550/nsf04550.htm,{'program ha'}
380,https://www.nsf.gov/pubs/2004/nsf04541/nsf04541.htm,{'general'}
381,https://www.nsf.gov/pubs/2004/nsf04540/nsf04540.htm,{'communication'}
382,https://www.nsf.gov/pubs/2004/nsf04538/nsf04538.htm,"{'modeling complex', 'engineering', 'modeling', 'science engineering', 'area', 'statistic', 'nsf funding'}"
383,https://www.nsf.gov/pubs/2004/nsf04537/nsf04537.htm,"{'dynamic', 'area'}"
384,https://www.nsf.gov/pubs/2004/nsf04536/nsf04536.htm,{'general'}
385,https://www.nsf.gov/pubs/2004/nsf04535/nsf04535.htm,{'general'}
386,https://www.nsf.gov/pubs/2004/nsf04534/nsf04534.htm,"{'science foundation', 'chemistry', 'area', 'development', 'national science'}"
387,https://www.nsf.gov/pubs/2004/nsf04532/nsf04532.htm,"{'modeling', 'control', 'science foundation', 'analysis optimization', 'national science', 'nsf funding', 'foundation nsf', 'development'}"
388,https://www.nsf.gov/pubs/2004/nsf04531/nsf04531.htm,"{'engineering', 'science engineering', 'social science', 'nsf funding', 'material', 'development', 'science technology'}"
389,https://www.nsf.gov/pubs/2004/nsf04530/nsf04530.htm,"{'engineering', 'science engineering', 'information science', 'area', 'computer information', 'nsf funding', 'computational model'}"
390,https://www.nsf.gov/pubs/2004/nsf04524/nsf04524.htm,{'general'}
391,https://www.nsf.gov/pubs/2004/nsf04522/nsf04522.htm,"{'sensor network', 'foundation nsf', 'national science', 'science foundation'}"
392,https://www.nsf.gov/pubs/2004/nsf04520/nsf04520.htm,{'seek determine'}
393,https://www.nsf.gov/pubs/2004/nsf04516/nsf04516.htm,{'general'}
394,https://www.nsf.gov/pubs/2004/nsf04514/nsf04514.htm,"{'advance understanding', 'approach needed', 'modeling', 'theoretical foundation', 'computational approach'}"
395,https://www.nsf.gov/pubs/2004/nsf04512/nsf04512.htm,"{'dynamic', 'earth science'}"
396,https://www.nsf.gov/pubs/2004/nsf04503/nsf04503.htm,"{'material', 'development'}"
397,https://www.nsf.gov/pubs/2004/nsf04500/nsf04500.htm,"{'management', 'information data'}"
398,https://www.nsf.gov/pubs/2004/nsf04012/nsf04012.htm,{'information technology'}
399,https://www.nsf.gov/pubs/2003/nsf03613/nsf03613.htm,{'communication'}
400,https://www.nsf.gov/pubs/2003/nsf03612/nsf03612.htm,{'general'}
401,https://www.nsf.gov/pubs/2003/nsf03608/nsf03608.htm,{'graduate student'}
402,https://www.nsf.gov/pubs/2003/nsf03607/nsf03607.htm,"{'engineering', 'directorate engineering'}"
403,https://www.nsf.gov/pubs/2003/nsf03602/nsf03602.htm,"{'computer vision', 'nsf funding'}"
404,https://www.nsf.gov/pubs/2003/nsf03600/nsf03600.htm,{'artificial intelligence'}
405,https://www.nsf.gov/pubs/2003/nsf03597/nsf03597.htm,{'general'}
406,https://www.nsf.gov/pubs/2003/nsf03591/nsf03591.htm,"{'foundation nsf', 'science foundation', 'teaching', 'national science'}"
407,https://www.nsf.gov/pubs/2003/nsf03589/nsf03589.htm,"{'engineering', 'brown jr', 'mechanical system', 'george brown', 'jr network', 'engineering simulation', 'civil', 'network earthquake', 'earthquake engineering'}"
408,https://www.nsf.gov/pubs/2003/nsf03580/nsf03580.htm,"{'science foundation', 'nsf funding', 'national science'}"
409,https://www.nsf.gov/pubs/2003/nsf03575/nsf03575.htm,{'general'}
410,https://www.nsf.gov/pubs/2003/nsf03573/nsf03573.htm,"{'learning', 'year', 'nsf funding', 'industry'}"
411,https://www.nsf.gov/pubs/2003/nsf03567/nsf03567.htm,"{'earth science', 'composition', 'nsf funding', 'property'}"
412,https://www.nsf.gov/pubs/2003/nsf03565/nsf03565.htm,"{'material', 'science foundation', 'national science'}"
413,https://www.nsf.gov/pubs/2003/nsf03562/nsf03562.htm,"{'engineering technology', 'engineering', 'engineering engineering', 'engineering education', 'directorate engineering', 'nsf funding', 'new curriculum'}"
414,https://www.nsf.gov/pubs/2003/nsf03561/nsf03561.htm,"{'engineering', 'bridge engineering', 'engineering education'}"
415,https://www.nsf.gov/pubs/2003/nsf03560/nsf03560.htm,"{'engineering', 'biomedical', 'imaging', 'biomedical engineering', 'area', 'aging', 'nsf funding', 'tissue engineering', 'current area', 'development'}"
416,https://www.nsf.gov/pubs/2003/nsf03556/nsf03556.htm,"{'engineering', 'directorate engineering', 'communication', 'national science'}"
417,https://www.nsf.gov/pubs/2003/nsf03543/nsf03543.htm,{'united state'}
418,https://www.nsf.gov/pubs/2003/nsf03537/nsf03537.htm,"{'foundation nsf', 'science foundation', 'national science', 'communication'}"
419,https://www.nsf.gov/pubs/2003/nsf03527/nsf03527.htm,"{'engineering', 'foundation nsf', 'national science', 'science foundation'}"
420,https://www.nsf.gov/pubs/2003/nsf03526/nsf03526.htm,"{'national science', 'science foundation'}"
421,https://www.nsf.gov/pubs/2003/nsf03525/nsf03525.htm,"{'engineering', 'experience undergraduate', 'science engineering', 'science foundation', 'health', 'national science', 'united state', 'engineering division', 'nsf funding', 'foundation nsf', 'graduate student'}"
422,https://www.nsf.gov/pubs/2003/nsf03523/nsf03523.htm,{'general'}
423,https://www.nsf.gov/pubs/2003/nsf03519/nsf03519.html,"{'engineering', 'science engineering', 'science foundation', 'area', 'nanotechnology', 'national science', 'engineering community', 'nsf funding', 'fabrication'}"
424,https://www.nsf.gov/pubs/2003/nsf03518/nsf03518.html,"{'infrastructure related', 'nsf funding'}"
425,https://www.nsf.gov/pubs/2003/nsf03517/nsf03517.htm,"{'engineering', 'process development', 'nsf funding', 'system important', 'development'}"
426,https://www.nsf.gov/pubs/2003/nsf03514/nsf03514.htm,{'general'}
427,https://www.nsf.gov/pubs/2003/nsf03512/nsf03512.htm,"{'engineering', 'information science', 'science foundation', 'sensor network', 'area', 'national science', 'chemical', 'computer information', 'high quality', 'nsf funding', 'area advanced', 'foundation nsf', 'material', 'development'}"
428,https://www.nsf.gov/pubs/2003/nsf03511/nsf03511.htm,{'general'}
429,https://www.nsf.gov/pubs/2003/nsf03043/nsf03043.htm,"{'engineering', 'foundation nsf', 'science engineering', 'national science', 'science foundation'}"
430,https://www.nsf.gov/pubs/2002/nsf02189/nsf02189.htm,{'general'}
431,https://www.nsf.gov/pubs/2002/nsf02188/nsf02188.htm,{'general'}
432,http://www.nsf.gov/pubs/2007/nsf07577/nsf07577.htm,"{'engineering', 'project develop', 'computing information', 'engineering education', 'area', 'science engineering', 'intelligent system'}"
433,http://www.nsf.gov/pubs/2006/nsf06504/nsf06504.htm,"{'engineering', 'civil', 'experimentation', 'science foundation', 'brown jr', 'network earthquake', 'national science', 'inc', 'nationally internationally', 'jr network', 'directorate engineering', 'engineering simulation', 'earthquake engineering', 'nsf funding', 'use experimental', 'foundation nsf', 'mechanical system', 'george brown', 'geotechnical'}"
